nume,pagina poetului,titlul poeziei,pagina poeziei
A. E. Baconsky,https://poetii-nostri.ro/a-e-baconsky-autor-355/,Abendland,https://poetii-nostri.ro/a-e-baconsky-abendland-poezie-id-42378/
A. E. Baconsky,https://poetii-nostri.ro/a-e-baconsky-autor-355/,Aglutinezi în memorie,https://poetii-nostri.ro/a-e-baconsky-aglutinezi-in-memorie-poezie-id-42379/
A. E. Baconsky,https://poetii-nostri.ro/a-e-baconsky-autor-355/,Aleluia,https://poetii-nostri.ro/a-e-baconsky-aleluia-poezie-id-42380/
A. E. Baconsky,https://poetii-nostri.ro/a-e-baconsky-autor-355/,Amurg acherontic,https://poetii-nostri.ro/a-e-baconsky-amurg-acherontic-poezie-id-42381/
A. E. Baconsky,https://poetii-nostri.ro/a-e-baconsky-autor-355/,Amurg marin,https://poetii-nostri.ro/a-e-baconsky-amurg-marin-poezie-id-42382/
A. E. Baconsky,https://poetii-nostri.ro/a-e-baconsky-autor-355/,Ars antipoetica,https://poetii-nostri.ro/a-e-baconsky-ars-antipoetica-poezie-id-42383/
A. E. Baconsky,https://poetii-nostri.ro/a-e-baconsky-autor-355/,Ars Longa,https://poetii-nostri.ro/a-e-baconsky-ars-longa-poezie-id-42385/
A. E. Baconsky,https://poetii-nostri.ro/a-e-baconsky-autor-355/,Autoportret în timp ~ din volumul: Cadavre în vid,https://poetii-nostri.ro/a-e-baconsky-autoportret-in-timp-poezie-id-28012/
A. E. Baconsky,https://poetii-nostri.ro/a-e-baconsky-autor-355/,Bahnhof Zoo ~ din volumul: Corabia lui Sebastian (1978),https://poetii-nostri.ro/a-e-baconsky-bahnhof-zoo-poezie-id-38879/
A. E. Baconsky,https://poetii-nostri.ro/a-e-baconsky-autor-355/,Bătrân și singur,https://poetii-nostri.ro/a-e-baconsky-batran-si-singur-poezie-id-42386/
A. E. Baconsky,https://poetii-nostri.ro/a-e-baconsky-autor-355/,Bestiar,https://poetii-nostri.ro/a-e-baconsky-bestiar-poezie-id-42387/
A. E. Baconsky,https://poetii-nostri.ro/a-e-baconsky-autor-355/,Cadavre în vid ~ din volumul: Fluxul memoriei,https://poetii-nostri.ro/a-e-baconsky-cadavre-in-vid-poezie-id-28014/
A. E. Baconsky,https://poetii-nostri.ro/a-e-baconsky-autor-355/,Cântec fără cuvinte,https://poetii-nostri.ro/a-e-baconsky-cantec-fara-cuvinte-poezie-id-28028/
A. E. Baconsky,https://poetii-nostri.ro/a-e-baconsky-autor-355/,Cântecul cavalerului ~ din volumul: Cadavre în vid,https://poetii-nostri.ro/a-e-baconsky-cantecul-cavalerului-poezie-id-28013/
A. E. Baconsky,https://poetii-nostri.ro/a-e-baconsky-autor-355/,Cor de tineri ~ din volumul: Corabia lui Sebastian (1978),https://poetii-nostri.ro/a-e-baconsky-cor-de-tineri-poezie-id-38880/
A. E. Baconsky,https://poetii-nostri.ro/a-e-baconsky-autor-355/,Corabia lui Sebastian,https://poetii-nostri.ro/a-e-baconsky-corabia-lui-sebastian-poezie-id-42388/
A. E. Baconsky,https://poetii-nostri.ro/a-e-baconsky-autor-355/,Cosmopolis,https://poetii-nostri.ro/a-e-baconsky-cosmopolis-poezie-id-42389/
A. E. Baconsky,https://poetii-nostri.ro/a-e-baconsky-autor-355/,Cromatism,https://poetii-nostri.ro/a-e-baconsky-cromatism-poezie-id-42390/
A. E. Baconsky,https://poetii-nostri.ro/a-e-baconsky-autor-355/,Desen ~ din volumul: Fluxul memoriei,https://poetii-nostri.ro/a-e-baconsky-desen-poezie-id-28018/
A. E. Baconsky,https://poetii-nostri.ro/a-e-baconsky-autor-355/,Elan cinegetic ~ din volumul: "Cadavre in vid",https://poetii-nostri.ro/a-e-baconsky-elan-cinegetic-poezie-id-38881/
A. E. Baconsky,https://poetii-nostri.ro/a-e-baconsky-autor-355/,Eternitate amară,https://poetii-nostri.ro/a-e-baconsky-eternitate-amara-poezie-id-38882/
A. E. Baconsky,https://poetii-nostri.ro/a-e-baconsky-autor-355/,Fluxul memoriei ~ din volumul: Fluxul memoriei,https://poetii-nostri.ro/a-e-baconsky-fluxul-memoriei-poezie-id-28026/
A. E. Baconsky,https://poetii-nostri.ro/a-e-baconsky-autor-355/,Gramatică ~ din volumul: Fluxul memoriei (1987),https://poetii-nostri.ro/a-e-baconsky-gramatica-poezie-id-42372/
A. E. Baconsky,https://poetii-nostri.ro/a-e-baconsky-autor-355/,Iama străvezie,https://poetii-nostri.ro/a-e-baconsky-iama-stravezie-poezie-id-42391/
A. E. Baconsky,https://poetii-nostri.ro/a-e-baconsky-autor-355/,Iarnă venind,https://poetii-nostri.ro/a-e-baconsky-iarna-venind-poezie-id-37809/
A. E. Baconsky,https://poetii-nostri.ro/a-e-baconsky-autor-355/,Imn către necunoscuţi ~ din volumul: Fluxul memoriei,https://poetii-nostri.ro/a-e-baconsky-imn-catre-necunoscuti-poezie-id-28015/
A. E. Baconsky,https://poetii-nostri.ro/a-e-baconsky-autor-355/,În golul dintre făpturi,https://poetii-nostri.ro/a-e-baconsky-in-golul-dintre-fapturi-poezie-id-28025/
A. E. Baconsky,https://poetii-nostri.ro/a-e-baconsky-autor-355/,În vacarmul percuției,https://poetii-nostri.ro/a-e-baconsky-in-vacarmul-percutiei-poezie-id-38883/
A. E. Baconsky,https://poetii-nostri.ro/a-e-baconsky-autor-355/,Invocare pestilențială,https://poetii-nostri.ro/a-e-baconsky-invocare-pestilentiala-poezie-id-42392/
A. E. Baconsky,https://poetii-nostri.ro/a-e-baconsky-autor-355/,Laboratorium maximum,https://poetii-nostri.ro/a-e-baconsky-laboratorium-maximum-poezie-id-42393/
A. E. Baconsky,https://poetii-nostri.ro/a-e-baconsky-autor-355/,Love hobby,https://poetii-nostri.ro/a-e-baconsky-love-hobby-poezie-id-45586/
A. E. Baconsky,https://poetii-nostri.ro/a-e-baconsky-autor-355/,Meditație în ritm de maree,https://poetii-nostri.ro/a-e-baconsky-meditatie-in-ritm-de-maree-poezie-id-28022/
A. E. Baconsky,https://poetii-nostri.ro/a-e-baconsky-autor-355/,Melodie de toamnă,https://poetii-nostri.ro/a-e-baconsky-melodie-de-toamna-poezie-id-28019/
A. E. Baconsky,https://poetii-nostri.ro/a-e-baconsky-autor-355/,Miraj de iarnă,https://poetii-nostri.ro/a-e-baconsky-miraj-de-iarna-poezie-id-28024/
A. E. Baconsky,https://poetii-nostri.ro/a-e-baconsky-autor-355/,Monolog cu otravă,https://poetii-nostri.ro/a-e-baconsky-monolog-cu-otrava-poezie-id-45587/
A. E. Baconsky,https://poetii-nostri.ro/a-e-baconsky-autor-355/,Nihil,https://poetii-nostri.ro/a-e-baconsky-nihil-poezie-id-38884/
A. E. Baconsky,https://poetii-nostri.ro/a-e-baconsky-autor-355/,Nocturnă,https://poetii-nostri.ro/a-e-baconsky-nocturna-poezie-id-45588/
A. E. Baconsky,https://poetii-nostri.ro/a-e-baconsky-autor-355/,Nud de întuneric,https://poetii-nostri.ro/a-e-baconsky-nud-de-intuneric-poezie-id-38885/
A. E. Baconsky,https://poetii-nostri.ro/a-e-baconsky-autor-355/,Nud în zori,https://poetii-nostri.ro/a-e-baconsky-nud-in-zori-poezie-id-38886/
A. E. Baconsky,https://poetii-nostri.ro/a-e-baconsky-autor-355/,O nuia de răchită,https://poetii-nostri.ro/a-e-baconsky-o-nuia-de-rachita-poezie-id-45589/
A. E. Baconsky,https://poetii-nostri.ro/a-e-baconsky-autor-355/,Osmoză,https://poetii-nostri.ro/a-e-baconsky-osmoza-poezie-id-38887/
A. E. Baconsky,https://poetii-nostri.ro/a-e-baconsky-autor-355/,Pan suferindul,https://poetii-nostri.ro/a-e-baconsky-pan-suferindul-poezie-id-38888/
A. E. Baconsky,https://poetii-nostri.ro/a-e-baconsky-autor-355/,Paraistorie,https://poetii-nostri.ro/a-e-baconsky-paraistorie-poezie-id-45590/
A. E. Baconsky,https://poetii-nostri.ro/a-e-baconsky-autor-355/,Pe Lenin am să-l pot vedea ~ din volumul: Cântece de zi şi de noapte (1954),https://poetii-nostri.ro/a-e-baconsky-pe-lenin-am-sa-l-pot-vedea-poezie-id-42373/
A. E. Baconsky,https://poetii-nostri.ro/a-e-baconsky-autor-355/,Pentru foarte puțin,https://poetii-nostri.ro/a-e-baconsky-pentru-foarte-putin-poezie-id-45591/
A. E. Baconsky,https://poetii-nostri.ro/a-e-baconsky-autor-355/,Perpetuum mobile,https://poetii-nostri.ro/a-e-baconsky-perpetuum-mobile-poezie-id-45592/
A. E. Baconsky,https://poetii-nostri.ro/a-e-baconsky-autor-355/,Pescărușii,https://poetii-nostri.ro/a-e-baconsky-pescarusii-poezie-id-45593/
A. E. Baconsky,https://poetii-nostri.ro/a-e-baconsky-autor-355/,Playboy ~ din volumul: Corabia lui Sebastian (1978),https://poetii-nostri.ro/a-e-baconsky-playboy-poezie-id-38889/
A. E. Baconsky,https://poetii-nostri.ro/a-e-baconsky-autor-355/,Poligrafie bolnavă,https://poetii-nostri.ro/a-e-baconsky-poligrafie-bolnava-poezie-id-45594/
A. E. Baconsky,https://poetii-nostri.ro/a-e-baconsky-autor-355/,Psalm negru,https://poetii-nostri.ro/a-e-baconsky-psalm-negru-poezie-id-38891/
A. E. Baconsky,https://poetii-nostri.ro/a-e-baconsky-autor-355/,Rugă tăcută ~ din volumul: Fluxul memoriei,https://poetii-nostri.ro/a-e-baconsky-ruga-tacuta-poezie-id-28011/
A. E. Baconsky,https://poetii-nostri.ro/a-e-baconsky-autor-355/,Rugăciunea unui dac,https://poetii-nostri.ro/a-e-baconsky-rugaciunea-unui-dac-poezie-id-45595/
A. E. Baconsky,https://poetii-nostri.ro/a-e-baconsky-autor-355/,Seară idilică,https://poetii-nostri.ro/a-e-baconsky-seara-idilica-poezie-id-45596/
A. E. Baconsky,https://poetii-nostri.ro/a-e-baconsky-autor-355/,Sebastian Brant ~ din volumul: Corabia lui Sebastian (1978),https://poetii-nostri.ro/a-e-baconsky-sebastian-brant-poezie-id-38892/
A. E. Baconsky,https://poetii-nostri.ro/a-e-baconsky-autor-355/,Spațiu neutru,https://poetii-nostri.ro/a-e-baconsky-spatiu-neutru-poezie-id-45597/
A. E. Baconsky,https://poetii-nostri.ro/a-e-baconsky-autor-355/,Sud ~ din volumul: Fluxul memoriei,https://poetii-nostri.ro/a-e-baconsky-sud-poezie-id-28017/
A. E. Baconsky,https://poetii-nostri.ro/a-e-baconsky-autor-355/,Toamna himerică,https://poetii-nostri.ro/a-e-baconsky-toamna-himerica-poezie-id-45598/
A. E. Baconsky,https://poetii-nostri.ro/a-e-baconsky-autor-355/,Transfigurare,https://poetii-nostri.ro/a-e-baconsky-transfigurare-poezie-id-28016/
A. E. Baconsky,https://poetii-nostri.ro/a-e-baconsky-autor-355/,Tu care-ai fost... ~ din volumul: Fluxul memoriei,https://poetii-nostri.ro/a-e-baconsky-tu-care-ai-fost-poezie-id-28010/
A. E. Baconsky,https://poetii-nostri.ro/a-e-baconsky-autor-355/,Undeva în întuneric,https://poetii-nostri.ro/a-e-baconsky-undeva-in-intuneric-poezie-id-45599/
A. E. Baconsky,https://poetii-nostri.ro/a-e-baconsky-autor-355/,Uși,https://poetii-nostri.ro/a-e-baconsky-usi-poezie-id-45600/
A. E. Baconsky,https://poetii-nostri.ro/a-e-baconsky-autor-355/,Vântul ~ din volumul: Fluxul memoriei,https://poetii-nostri.ro/a-e-baconsky-vantul-poezie-id-28020/
A. E. Baconsky,https://poetii-nostri.ro/a-e-baconsky-autor-355/,Vara târzie,https://poetii-nostri.ro/a-e-baconsky-vara-tarzie-poezie-id-28023/
A. E. Baconsky,https://poetii-nostri.ro/a-e-baconsky-autor-355/,Vârsta,https://poetii-nostri.ro/a-e-baconsky-varsta-poezie-id-45585/nume,pagina poetului,titlul poeziei,pagina poeziei
Adrian Maniu,https://poetii-nostri.ro/adrian-maniu-autor-557/,26 august ~ din volumul: volumul "Lângă Pământ",https://poetii-nostri.ro/adrian-maniu-26-august-poezie-id-47376/
Adrian Maniu,https://poetii-nostri.ro/adrian-maniu-autor-557/,Alt cântec,https://poetii-nostri.ro/adrian-maniu-alt-cantec-poezie-id-47377/
Adrian Maniu,https://poetii-nostri.ro/adrian-maniu-autor-557/,Apa ~ din volumul: Figurile de ceară (1912),https://poetii-nostri.ro/adrian-maniu-apa-poezie-id-47378/
Adrian Maniu,https://poetii-nostri.ro/adrian-maniu-autor-557/,Cântec de dragoste moartă,https://poetii-nostri.ro/adrian-maniu-cantec-de-dragoste-moarta-poezie-id-47379/
Adrian Maniu,https://poetii-nostri.ro/adrian-maniu-autor-557/,Cântec de lună veche,https://poetii-nostri.ro/adrian-maniu-cantec-de-luna-veche-poezie-id-47381/
Adrian Maniu,https://poetii-nostri.ro/adrian-maniu-autor-557/,Cântecul nemărginit,https://poetii-nostri.ro/adrian-maniu-cantecul-nemarginit-poezie-id-47445/
Adrian Maniu,https://poetii-nostri.ro/adrian-maniu-autor-557/,Ce a zis satul,https://poetii-nostri.ro/adrian-maniu-ce-a-zis-satul-poezie-id-47380/
Adrian Maniu,https://poetii-nostri.ro/adrian-maniu-autor-557/,Crucile fântânilor,https://poetii-nostri.ro/adrian-maniu-crucile-fantanilor-poezie-id-47382/
Adrian Maniu,https://poetii-nostri.ro/adrian-maniu-autor-557/,Cu fruntea în mână ~ din volumul: din ciclul Scrisori,https://poetii-nostri.ro/adrian-maniu-cu-fruntea-in-mana-poezie-id-47429/
Adrian Maniu,https://poetii-nostri.ro/adrian-maniu-autor-557/,Dorul meu,https://poetii-nostri.ro/adrian-maniu-dorul-meu-poezie-id-47430/
Adrian Maniu,https://poetii-nostri.ro/adrian-maniu-autor-557/,Dragoste, și aici,https://poetii-nostri.ro/adrian-maniu-dragoste-si-aici-poezie-id-47444/
Adrian Maniu,https://poetii-nostri.ro/adrian-maniu-autor-557/,Glas de toamnă,https://poetii-nostri.ro/adrian-maniu-glas-de-toamna-poezie-id-47431/
Adrian Maniu,https://poetii-nostri.ro/adrian-maniu-autor-557/,Glumă de toamnă,https://poetii-nostri.ro/adrian-maniu-gluma-de-toamna-poezie-id-47432/
Adrian Maniu,https://poetii-nostri.ro/adrian-maniu-autor-557/,Iarna cu zăpezi de argint,https://poetii-nostri.ro/adrian-maniu-iarna-cu-zapezi-de-argint-poezie-id-47443/
Adrian Maniu,https://poetii-nostri.ro/adrian-maniu-autor-557/,În seara asta ~ din volumul: Cântece de dragoste și moarte,https://poetii-nostri.ro/adrian-maniu-in-seara-asta-poezie-id-47433/
Adrian Maniu,https://poetii-nostri.ro/adrian-maniu-autor-557/,Măgura cea mare,https://poetii-nostri.ro/adrian-maniu-magura-cea-mare-poezie-id-47434/
Adrian Maniu,https://poetii-nostri.ro/adrian-maniu-autor-557/,Noptare,https://poetii-nostri.ro/adrian-maniu-noptare-poezie-id-47435/
Adrian Maniu,https://poetii-nostri.ro/adrian-maniu-autor-557/,Poveste prescurtată,https://poetii-nostri.ro/adrian-maniu-poveste-prescurtata-poezie-id-47436/
Adrian Maniu,https://poetii-nostri.ro/adrian-maniu-autor-557/,Primăvară fistichie ~ din volumul: Cântece de dragoste și moarte,https://poetii-nostri.ro/adrian-maniu-primavara-fistichie-poezie-id-47437/
Adrian Maniu,https://poetii-nostri.ro/adrian-maniu-autor-557/,Primăvară futuristă (variantă) ~ din volumul: Flori de hârtie,https://poetii-nostri.ro/adrian-maniu-primavara-futurista-varianta-poezie-id-47438/
Adrian Maniu,https://poetii-nostri.ro/adrian-maniu-autor-557/,Priveliște blestemată,https://poetii-nostri.ro/adrian-maniu-priveliste-blestemata-poezie-id-47439/
Adrian Maniu,https://poetii-nostri.ro/adrian-maniu-autor-557/,Salomeea (fragment) ~ din volumul: Salomeea (1915),https://poetii-nostri.ro/adrian-maniu-salomeea-fragment-poezie-id-47440/
Adrian Maniu,https://poetii-nostri.ro/adrian-maniu-autor-557/,Seară veche,https://poetii-nostri.ro/adrian-maniu-seara-veche-poezie-id-47441/
Adrian Maniu,https://poetii-nostri.ro/adrian-maniu-autor-557/,Sufletul amantului sinucis,https://poetii-nostri.ro/adrian-maniu-sufletul-amantului-sinucis-poezie-id-47442/nume,pagina poetului,titlul poeziei,pagina poeziei
Alecu Russo,https://poetii-nostri.ro/alecu-russo-autor-446/,Amintiri [proza],https://poetii-nostri.ro/alecu-russo-amintiri-proza-id-795/
Alecu Russo,https://poetii-nostri.ro/alecu-russo-autor-446/,Cântarea României [proza],https://poetii-nostri.ro/alecu-russo-cantarea-romaniei-proza-id-794/
Alecu Russo,https://poetii-nostri.ro/alecu-russo-autor-446/,Cantarea Romaniei ~ din volumul: ˙˙˙˙˙˙˙˙˙˙˙˙˙˙˙˙˙˙˙˙,https://poetii-nostri.ro/alecu-russo-cantarea-romaniei-poezie-id-41313/
Alecu Russo,https://poetii-nostri.ro/alecu-russo-autor-446/,Cugetări [proza],https://poetii-nostri.ro/alecu-russo-cugetari-proza-id-797/
Alecu Russo,https://poetii-nostri.ro/alecu-russo-autor-446/,Studie moldovană [proza],https://poetii-nostri.ro/alecu-russo-studie-moldovana-proza-id-796/nume,pagina poetului,titlul poeziei,pagina poeziei
Alexandru Alexianu,https://poetii-nostri.ro/alexandru-alexianu-autor-45/,1942,https://poetii-nostri.ro/alexandru-alexianu-1942-poezie-id-2098/
Alexandru Alexianu,https://poetii-nostri.ro/alexandru-alexianu-autor-45/,Biografie,https://poetii-nostri.ro/alexandru-alexianu-biografie-poezie-id-2099/
Alexandru Alexianu,https://poetii-nostri.ro/alexandru-alexianu-autor-45/,Cântec,https://poetii-nostri.ro/alexandru-alexianu-cantec-poezie-id-2101/
Alexandru Alexianu,https://poetii-nostri.ro/alexandru-alexianu-autor-45/,Călătorie,https://poetii-nostri.ro/alexandru-alexianu-calatorie-poezie-id-2100/
Alexandru Alexianu,https://poetii-nostri.ro/alexandru-alexianu-autor-45/,De una, Zălina,https://poetii-nostri.ro/alexandru-alexianu-de-una-zalina-poezie-id-2102/
Alexandru Alexianu,https://poetii-nostri.ro/alexandru-alexianu-autor-45/,Draga,https://poetii-nostri.ro/alexandru-alexianu-draga-poezie-id-2105/
Alexandru Alexianu,https://poetii-nostri.ro/alexandru-alexianu-autor-45/,Epitaf ~ din volumul: Din antologia „Acești mari poeți mici”,https://poetii-nostri.ro/alexandru-alexianu-epitaf-poezie-id-43509/
Alexandru Alexianu,https://poetii-nostri.ro/alexandru-alexianu-autor-45/,Fata lui mai,https://poetii-nostri.ro/alexandru-alexianu-fata-lui-mai-poezie-id-2103/
Alexandru Alexianu,https://poetii-nostri.ro/alexandru-alexianu-autor-45/,Invocaţie,https://poetii-nostri.ro/alexandru-alexianu-invocatie-poezie-id-43510/
Alexandru Alexianu,https://poetii-nostri.ro/alexandru-alexianu-autor-45/,Sfârşit,https://poetii-nostri.ro/alexandru-alexianu-sfarsit-poezie-id-2104/
Alexandru Alexianu,https://poetii-nostri.ro/alexandru-alexianu-autor-45/,Umbrele somnului,https://poetii-nostri.ro/alexandru-alexianu-umbrele-somnului-poezie-id-2106/nume,pagina poetului,titlul poeziei,pagina poeziei
Alexandru Bogdanovici,https://poetii-nostri.ro/alexandru-bogdanovici-autor-53/,Cad frunzele,https://poetii-nostri.ro/alexandru-bogdanovici-cad-frunzele-poezie-id-2291/
Alexandru Bogdanovici,https://poetii-nostri.ro/alexandru-bogdanovici-autor-53/,Noaptea zadarnic m-aşteaptă,https://poetii-nostri.ro/alexandru-bogdanovici-noaptea-zadarnic-m-asteapta-poezie-id-2292/
Alexandru Bogdanovici,https://poetii-nostri.ro/alexandru-bogdanovici-autor-53/,Nopți carpatice,https://poetii-nostri.ro/alexandru-bogdanovici-nopti-carpatice-poezie-id-36112/
Alexandru Bogdanovici,https://poetii-nostri.ro/alexandru-bogdanovici-autor-53/,Rătăcind prin stele... visuri,https://poetii-nostri.ro/alexandru-bogdanovici-ratacind-prin-stele-visuri-poezie-id-2293/
Alexandru Bogdanovici,https://poetii-nostri.ro/alexandru-bogdanovici-autor-53/,Spre aventură,https://poetii-nostri.ro/alexandru-bogdanovici-spre-aventura-poezie-id-36113/nume,pagina poetului,titlul poeziei,pagina poeziei
Alexandru Hrisoverghi,https://poetii-nostri.ro/alexandru-hrisoverghi-autor-230/,Ruinelor cetăţii Neamţu,https://poetii-nostri.ro/alexandru-hrisoverghi-ruinelor-cetatii-neamtu-poezie-id-12441/
Alexandru Hrisoverghi,https://poetii-nostri.ro/alexandru-hrisoverghi-autor-230/,XVIII,https://poetii-nostri.ro/alexandru-hrisoverghi-xviii-poezie-id-12378/nume,pagina poetului,titlul poeziei,pagina poeziei
Alexandru Macedonski,https://poetii-nostri.ro/alexandru-macedonski-autor-22/,1872!,https://poetii-nostri.ro/alexandru-macedonski-1872-poezie-id-32592/
Alexandru Macedonski,https://poetii-nostri.ro/alexandru-macedonski-autor-22/,Accente intime,https://poetii-nostri.ro/alexandru-macedonski-accente-intime-poezie-id-23495/
Alexandru Macedonski,https://poetii-nostri.ro/alexandru-macedonski-autor-22/,Acorduri sfărâmate,https://poetii-nostri.ro/alexandru-macedonski-acorduri-sfaramate-poezie-id-23483/
Alexandru Macedonski,https://poetii-nostri.ro/alexandru-macedonski-autor-22/,Acşam dovalar,https://poetii-nostri.ro/alexandru-macedonski-acsam-dovalar-poezie-id-23494/
Alexandru Macedonski,https://poetii-nostri.ro/alexandru-macedonski-autor-22/,Albaspină,https://poetii-nostri.ro/alexandru-macedonski-albaspina-poezie-id-23482/
Alexandru Macedonski,https://poetii-nostri.ro/alexandru-macedonski-autor-22/,Alea jacta est,https://poetii-nostri.ro/alexandru-macedonski-alea-jacta-est-poezie-id-23493/
Alexandru Macedonski,https://poetii-nostri.ro/alexandru-macedonski-autor-22/,Amărăciune,https://poetii-nostri.ro/alexandru-macedonski-amaraciune-poezie-id-23488/
Alexandru Macedonski,https://poetii-nostri.ro/alexandru-macedonski-autor-22/,Amintiri,https://poetii-nostri.ro/alexandru-macedonski-amintiri-poezie-id-7696/
Alexandru Macedonski,https://poetii-nostri.ro/alexandru-macedonski-autor-22/,Amorul,https://poetii-nostri.ro/alexandru-macedonski-amorul-poezie-id-23487/
Alexandru Macedonski,https://poetii-nostri.ro/alexandru-macedonski-autor-22/,Apolog,https://poetii-nostri.ro/alexandru-macedonski-apolog-poezie-id-23492/
Alexandru Macedonski,https://poetii-nostri.ro/alexandru-macedonski-autor-22/,Apus,https://poetii-nostri.ro/alexandru-macedonski-apus-poezie-id-6825/
Alexandru Macedonski,https://poetii-nostri.ro/alexandru-macedonski-autor-22/,Aripi,https://poetii-nostri.ro/alexandru-macedonski-aripi-poezie-id-7697/
Alexandru Macedonski,https://poetii-nostri.ro/alexandru-macedonski-autor-22/,Asupra primului meu volum,https://poetii-nostri.ro/alexandru-macedonski-asupra-primului-meu-volum-poezie-id-23491/
Alexandru Macedonski,https://poetii-nostri.ro/alexandru-macedonski-autor-22/,Avânt,https://poetii-nostri.ro/alexandru-macedonski-avant-poezie-id-23490/
Alexandru Macedonski,https://poetii-nostri.ro/alexandru-macedonski-autor-22/,Avatar ~ din volumul: Romanul literar, 6-7 octombrie 1896,https://poetii-nostri.ro/alexandru-macedonski-avatar-poezie-id-23481/
Alexandru Macedonski,https://poetii-nostri.ro/alexandru-macedonski-autor-22/,Banchet la curte,https://poetii-nostri.ro/alexandru-macedonski-banchet-la-curte-poezie-id-23484/
Alexandru Macedonski,https://poetii-nostri.ro/alexandru-macedonski-autor-22/,Bătrâna stâncă,https://poetii-nostri.ro/alexandru-macedonski-batrana-stanca-poezie-id-9488/
Alexandru Macedonski,https://poetii-nostri.ro/alexandru-macedonski-autor-22/,Buchetul,https://poetii-nostri.ro/alexandru-macedonski-buchetul-poezie-id-23486/
Alexandru Macedonski,https://poetii-nostri.ro/alexandru-macedonski-autor-22/,Bucolica undă,https://poetii-nostri.ro/alexandru-macedonski-bucolica-unda-poezie-id-23485/
Alexandru Macedonski,https://poetii-nostri.ro/alexandru-macedonski-autor-22/,Calul arabului,https://poetii-nostri.ro/alexandru-macedonski-calul-arabului-poezie-id-16469/
Alexandru Macedonski,https://poetii-nostri.ro/alexandru-macedonski-autor-22/,Când toate trec şi-mbătrânesc,https://poetii-nostri.ro/alexandru-macedonski-cand-toate-trec-si-mbatranesc-poezie-id-6528/
Alexandru Macedonski,https://poetii-nostri.ro/alexandru-macedonski-autor-22/,Cântec,https://poetii-nostri.ro/alexandru-macedonski-cantec-poezie-id-32597/
Alexandru Macedonski,https://poetii-nostri.ro/alexandru-macedonski-autor-22/,Cântec de renaştere,https://poetii-nostri.ro/alexandru-macedonski-cantec-de-renastere-poezie-id-32801/
Alexandru Macedonski,https://poetii-nostri.ro/alexandru-macedonski-autor-22/,Cântecul ploaiei,https://poetii-nostri.ro/alexandru-macedonski-cantecul-ploaiei-poezie-id-23489/
Alexandru Macedonski,https://poetii-nostri.ro/alexandru-macedonski-autor-22/,Castelul,https://poetii-nostri.ro/alexandru-macedonski-castelul-poezie-id-23496/
Alexandru Macedonski,https://poetii-nostri.ro/alexandru-macedonski-autor-22/,Chipul poeziei,https://poetii-nostri.ro/alexandru-macedonski-chipul-poeziei-poezie-id-9487/
Alexandru Macedonski,https://poetii-nostri.ro/alexandru-macedonski-autor-22/,Corabia ~ din volumul: Forţa morală, 13 ianuarie 1902,https://poetii-nostri.ro/alexandru-macedonski-corabia-poezie-id-23480/
Alexandru Macedonski,https://poetii-nostri.ro/alexandru-macedonski-autor-22/,Cu morţii,https://poetii-nostri.ro/alexandru-macedonski-cu-mortii-poezie-id-23497/
Alexandru Macedonski,https://poetii-nostri.ro/alexandru-macedonski-autor-22/,De-aş sti ...,https://poetii-nostri.ro/alexandru-macedonski-de-as-sti--poezie-id-11291/
Alexandru Macedonski,https://poetii-nostri.ro/alexandru-macedonski-autor-22/,Desperarea,https://poetii-nostri.ro/alexandru-macedonski-desperarea-poezie-id-10822/
Alexandru Macedonski,https://poetii-nostri.ro/alexandru-macedonski-autor-22/,Destinul,https://poetii-nostri.ro/alexandru-macedonski-destinul-poezie-id-32728/
Alexandru Macedonski,https://poetii-nostri.ro/alexandru-macedonski-autor-22/,Destul,https://poetii-nostri.ro/alexandru-macedonski-destul-poezie-id-32673/
Alexandru Macedonski,https://poetii-nostri.ro/alexandru-macedonski-autor-22/,Dormi dulce ~ din volumul: Excelsior, 1895,https://poetii-nostri.ro/alexandru-macedonski-dormi-dulce-poezie-id-49404/
Alexandru Macedonski,https://poetii-nostri.ro/alexandru-macedonski-autor-22/,Ecourile nopţii,https://poetii-nostri.ro/alexandru-macedonski-ecourile-noptii-poezie-id-32727/
Alexandru Macedonski,https://poetii-nostri.ro/alexandru-macedonski-autor-22/,Epigraf final,https://poetii-nostri.ro/alexandru-macedonski-epigraf-final-poezie-id-33190/
Alexandru Macedonski,https://poetii-nostri.ro/alexandru-macedonski-autor-22/,Epigramă,https://poetii-nostri.ro/alexandru-macedonski-epigrama-poezie-id-32675/
Alexandru Macedonski,https://poetii-nostri.ro/alexandru-macedonski-autor-22/,Epoca,https://poetii-nostri.ro/alexandru-macedonski-epoca-poezie-id-32593/
Alexandru Macedonski,https://poetii-nostri.ro/alexandru-macedonski-autor-22/,Fântâna,https://poetii-nostri.ro/alexandru-macedonski-fantana-poezie-id-32729/
Alexandru Macedonski,https://poetii-nostri.ro/alexandru-macedonski-autor-22/,Faunul,https://poetii-nostri.ro/alexandru-macedonski-faunul-poezie-id-32601/
Alexandru Macedonski,https://poetii-nostri.ro/alexandru-macedonski-autor-22/,Filozofia morții,https://poetii-nostri.ro/alexandru-macedonski-filozofia-mortii-poezie-id-16468/
Alexandru Macedonski,https://poetii-nostri.ro/alexandru-macedonski-autor-22/,Hinov,https://poetii-nostri.ro/alexandru-macedonski-hinov-poezie-id-32588/
Alexandru Macedonski,https://poetii-nostri.ro/alexandru-macedonski-autor-22/,Hora,https://poetii-nostri.ro/alexandru-macedonski-hora-poezie-id-32587/
Alexandru Macedonski,https://poetii-nostri.ro/alexandru-macedonski-autor-22/,Imn,https://poetii-nostri.ro/alexandru-macedonski-imn-poezie-id-41609/
Alexandru Macedonski,https://poetii-nostri.ro/alexandru-macedonski-autor-22/,În arcane de pădure ~ din volumul: Excelsior,https://poetii-nostri.ro/alexandru-macedonski-in-arcane-de-padure-poezie-id-49241/
Alexandru Macedonski,https://poetii-nostri.ro/alexandru-macedonski-autor-22/,Între frunze,https://poetii-nostri.ro/alexandru-macedonski-intre-frunze-poezie-id-6737/
Alexandru Macedonski,https://poetii-nostri.ro/alexandru-macedonski-autor-22/,Leat!,https://poetii-nostri.ro/alexandru-macedonski-leat-poezie-id-32591/
Alexandru Macedonski,https://poetii-nostri.ro/alexandru-macedonski-autor-22/,Legenda Siminocului,https://poetii-nostri.ro/alexandru-macedonski-legenda-siminocului-poezie-id-49064/
Alexandru Macedonski,https://poetii-nostri.ro/alexandru-macedonski-autor-22/,Lewki,https://poetii-nostri.ro/alexandru-macedonski-lewki-poezie-id-32589/
Alexandru Macedonski,https://poetii-nostri.ro/alexandru-macedonski-autor-22/,Libelule ~ din volumul: Excelsior, 1895,https://poetii-nostri.ro/alexandru-macedonski-libelule-poezie-id-49405/
Alexandru Macedonski,https://poetii-nostri.ro/alexandru-macedonski-autor-22/,M-am dus departe,https://poetii-nostri.ro/alexandru-macedonski-m-am-dus-departe-poezie-id-32725/
Alexandru Macedonski,https://poetii-nostri.ro/alexandru-macedonski-autor-22/,Mai,https://poetii-nostri.ro/alexandru-macedonski-mai-poezie-id-32584/
Alexandru Macedonski,https://poetii-nostri.ro/alexandru-macedonski-autor-22/,Moartea este o minciună,https://poetii-nostri.ro/alexandru-macedonski-moartea-este-o-minciuna-poezie-id-16465/
Alexandru Macedonski,https://poetii-nostri.ro/alexandru-macedonski-autor-22/,Moise,https://poetii-nostri.ro/alexandru-macedonski-moise-poezie-id-32594/
Alexandru Macedonski,https://poetii-nostri.ro/alexandru-macedonski-autor-22/,Naiada,https://poetii-nostri.ro/alexandru-macedonski-naiada-poezie-id-32599/
Alexandru Macedonski,https://poetii-nostri.ro/alexandru-macedonski-autor-22/,Naufragiu,https://poetii-nostri.ro/alexandru-macedonski-naufragiu-poezie-id-11293/
Alexandru Macedonski,https://poetii-nostri.ro/alexandru-macedonski-autor-22/,Neron,https://poetii-nostri.ro/alexandru-macedonski-neron-poezie-id-32595/
Alexandru Macedonski,https://poetii-nostri.ro/alexandru-macedonski-autor-22/,Nimic, nici chiar speranţa...,https://poetii-nostri.ro/alexandru-macedonski-nimic-nici-chiar-speranta-poezie-id-32726/
Alexandru Macedonski,https://poetii-nostri.ro/alexandru-macedonski-autor-22/,Noapte de iulie,https://poetii-nostri.ro/alexandru-macedonski-noapte-de-iulie-poezie-id-6495/
Alexandru Macedonski,https://poetii-nostri.ro/alexandru-macedonski-autor-22/,Noaptea de decembrie ~ din volumul: Noptile,https://poetii-nostri.ro/alexandru-macedonski-noaptea-de-decembrie-poezie-id-591/
Alexandru Macedonski,https://poetii-nostri.ro/alexandru-macedonski-autor-22/,Noaptea de mai ~ din volumul: Noptile,https://poetii-nostri.ro/alexandru-macedonski-noaptea-de-mai-poezie-id-593/
Alexandru Macedonski,https://poetii-nostri.ro/alexandru-macedonski-autor-22/,Noaptea de noiembrie,https://poetii-nostri.ro/alexandru-macedonski-noaptea-de-noiembrie-poezie-id-32796/
Alexandru Macedonski,https://poetii-nostri.ro/alexandru-macedonski-autor-22/,Noaptea neagră,https://poetii-nostri.ro/alexandru-macedonski-noaptea-neagra-poezie-id-32793/
Alexandru Macedonski,https://poetii-nostri.ro/alexandru-macedonski-autor-22/,Nu! ~ din volumul: Literatorul, III, 9, august 1882,https://poetii-nostri.ro/alexandru-macedonski-nu-poezie-id-32585/
Alexandru Macedonski,https://poetii-nostri.ro/alexandru-macedonski-autor-22/,Ocnele,https://poetii-nostri.ro/alexandru-macedonski-ocnele-poezie-id-32598/
Alexandru Macedonski,https://poetii-nostri.ro/alexandru-macedonski-autor-22/,Oh! suflet orb ~ din volumul: Flori sacre,https://poetii-nostri.ro/alexandru-macedonski-oh-suflet-orb-poezie-id-22181/
Alexandru Macedonski,https://poetii-nostri.ro/alexandru-macedonski-autor-22/,Orașul mic te fură-ncet,https://poetii-nostri.ro/alexandru-macedonski-orasul-mic-te-fura-ncet-poezie-id-11021/
Alexandru Macedonski,https://poetii-nostri.ro/alexandru-macedonski-autor-22/,Pădurea,https://poetii-nostri.ro/alexandru-macedonski-padurea-poezie-id-17570/
Alexandru Macedonski,https://poetii-nostri.ro/alexandru-macedonski-autor-22/,Palidă umbră,https://poetii-nostri.ro/alexandru-macedonski-palida-umbra-poezie-id-5271/
Alexandru Macedonski,https://poetii-nostri.ro/alexandru-macedonski-autor-22/,Poeţii,https://poetii-nostri.ro/alexandru-macedonski-poetii-poezie-id-32600/
Alexandru Macedonski,https://poetii-nostri.ro/alexandru-macedonski-autor-22/,Primăvara,https://poetii-nostri.ro/alexandru-macedonski-primavara-poezie-id-38936/
Alexandru Macedonski,https://poetii-nostri.ro/alexandru-macedonski-autor-22/,Psalmi moderni II - Ţărână,https://poetii-nostri.ro/alexandru-macedonski-psalmi-moderni-ii---tarana-poezie-id-32674/
Alexandru Macedonski,https://poetii-nostri.ro/alexandru-macedonski-autor-22/,Psalmi moderni IX - N-am în ceruri,https://poetii-nostri.ro/alexandru-macedonski-psalmi-moderni-ix---n-am-in-ceruri-poezie-id-10893/
Alexandru Macedonski,https://poetii-nostri.ro/alexandru-macedonski-autor-22/,Răspuns la câțiva critici,https://poetii-nostri.ro/alexandru-macedonski-raspuns-la-cativa-critici-poezie-id-16467/
Alexandru Macedonski,https://poetii-nostri.ro/alexandru-macedonski-autor-22/,Raze,https://poetii-nostri.ro/alexandru-macedonski-raze-poezie-id-32586/
Alexandru Macedonski,https://poetii-nostri.ro/alexandru-macedonski-autor-22/,Reîntoarcerea,https://poetii-nostri.ro/alexandru-macedonski-reintoarcerea-poezie-id-32795/
Alexandru Macedonski,https://poetii-nostri.ro/alexandru-macedonski-autor-22/,Romanţa garoafei,https://poetii-nostri.ro/alexandru-macedonski-romanta-garoafei-poezie-id-4036/
Alexandru Macedonski,https://poetii-nostri.ro/alexandru-macedonski-autor-22/,Rondelul Ioshiwarei,https://poetii-nostri.ro/alexandru-macedonski-rondelul-ioshiwarei-poezie-id-42156/
Alexandru Macedonski,https://poetii-nostri.ro/alexandru-macedonski-autor-22/,Rondelul ajungerii la cer ~ din volumul: Rondelurile celor patru vânturi,https://poetii-nostri.ro/alexandru-macedonski-rondelul-ajungerii-la-cer-poezie-id-616/
Alexandru Macedonski,https://poetii-nostri.ro/alexandru-macedonski-autor-22/,Rondelul apei din ograda japonezului ~ din volumul: Poema rondelurilor,https://poetii-nostri.ro/alexandru-macedonski-rondelul-apei-din-ograda-japonezului-poezie-id-17794/
Alexandru Macedonski,https://poetii-nostri.ro/alexandru-macedonski-autor-22/,Rondelul beat de roze ~ din volumul: Rondelurile rozelor,https://poetii-nostri.ro/alexandru-macedonski-rondelul-beat-de-roze-poezie-id-595/
Alexandru Macedonski,https://poetii-nostri.ro/alexandru-macedonski-autor-22/,Rondelul cercetasilor ~ din volumul: Rondelurile pribege,https://poetii-nostri.ro/alexandru-macedonski-rondelul-cercetasilor-poezie-id-603/
Alexandru Macedonski,https://poetii-nostri.ro/alexandru-macedonski-autor-22/,Rondelul chinezilor din Paris,https://poetii-nostri.ro/alexandru-macedonski-rondelul-chinezilor-din-paris-poezie-id-49402/
Alexandru Macedonski,https://poetii-nostri.ro/alexandru-macedonski-autor-22/,Rondelul contimporanilor ~ din volumul: Rondelurile pribege,https://poetii-nostri.ro/alexandru-macedonski-rondelul-contimporanilor-poezie-id-607/
Alexandru Macedonski,https://poetii-nostri.ro/alexandru-macedonski-autor-22/,Rondelul coroanelor nepieritoare ~ din volumul: Rondelurile celor patru vânturi,https://poetii-nostri.ro/alexandru-macedonski-rondelul-coroanelor-nepieritoare-poezie-id-618/
Alexandru Macedonski,https://poetii-nostri.ro/alexandru-macedonski-autor-22/,Rondelul crinilor ~ din volumul: Rondelurile pribege,https://poetii-nostri.ro/alexandru-macedonski-rondelul-crinilor-poezie-id-601/
Alexandru Macedonski,https://poetii-nostri.ro/alexandru-macedonski-autor-22/,Rondelul ctitorilor ~ din volumul: Rondelurile celor patru vânturi,https://poetii-nostri.ro/alexandru-macedonski-rondelul-ctitorilor-poezie-id-617/
Alexandru Macedonski,https://poetii-nostri.ro/alexandru-macedonski-autor-22/,Rondelul cupei de Murano ~ din volumul: Rondelurile celor patru vânturi,https://poetii-nostri.ro/alexandru-macedonski-rondelul-cupei-de-murano-poezie-id-609/
Alexandru Macedonski,https://poetii-nostri.ro/alexandru-macedonski-autor-22/,Rondelul de aur ~ din volumul: Rondelurile pribege,https://poetii-nostri.ro/alexandru-macedonski-rondelul-de-aur-poezie-id-599/
Alexandru Macedonski,https://poetii-nostri.ro/alexandru-macedonski-autor-22/,Rondelul domniţei ~ din volumul: Rondelurile celor patru vânturi,https://poetii-nostri.ro/alexandru-macedonski-rondelul-domnitei-poezie-id-613/
Alexandru Macedonski,https://poetii-nostri.ro/alexandru-macedonski-autor-22/,Rondelul duminicilor de la Bellevue,https://poetii-nostri.ro/alexandru-macedonski-rondelul-duminicilor-de-la-bellevue-poezie-id-32794/
Alexandru Macedonski,https://poetii-nostri.ro/alexandru-macedonski-autor-22/,Rondelul duminicilor de la Bellevue,https://poetii-nostri.ro/alexandru-macedonski-rondelul-duminicilor-de-la-bellevue-poezie-id-42158/
Alexandru Macedonski,https://poetii-nostri.ro/alexandru-macedonski-autor-22/,Rondelul florilor de lună,https://poetii-nostri.ro/alexandru-macedonski-rondelul-florilor-de-luna-poezie-id-32802/
Alexandru Macedonski,https://poetii-nostri.ro/alexandru-macedonski-autor-22/,Rondelul lucrurilor ~ din volumul: Rondelurile pribege,https://poetii-nostri.ro/alexandru-macedonski-rondelul-lucrurilor-poezie-id-597/
Alexandru Macedonski,https://poetii-nostri.ro/alexandru-macedonski-autor-22/,Rondelul lui Saadi ieşind dintre roze,https://poetii-nostri.ro/alexandru-macedonski-rondelul-lui-saadi-iesind-dintre-roze-poezie-id-32803/
Alexandru Macedonski,https://poetii-nostri.ro/alexandru-macedonski-autor-22/,Rondelul lunei ~ din volumul: Rondelurile pribege,https://poetii-nostri.ro/alexandru-macedonski-rondelul-lunei-poezie-id-600/
Alexandru Macedonski,https://poetii-nostri.ro/alexandru-macedonski-autor-22/,Rondelul Mării Japoneze ~ din volumul: Poema rondelurilor,https://poetii-nostri.ro/alexandru-macedonski-rondelul-marii-japoneze-poezie-id-21006/
Alexandru Macedonski,https://poetii-nostri.ro/alexandru-macedonski-autor-22/,Rondelul marilor roze,https://poetii-nostri.ro/alexandru-macedonski-rondelul-marilor-roze-poezie-id-49674/
Alexandru Macedonski,https://poetii-nostri.ro/alexandru-macedonski-autor-22/,Rondelul meu ~ din volumul: Rondelurile pribege,https://poetii-nostri.ro/alexandru-macedonski-rondelul-meu-poezie-id-608/
Alexandru Macedonski,https://poetii-nostri.ro/alexandru-macedonski-autor-22/,Rondelul morii ~ din volumul: Rondelurile pribege,https://poetii-nostri.ro/alexandru-macedonski-rondelul-morii-poezie-id-606/
Alexandru Macedonski,https://poetii-nostri.ro/alexandru-macedonski-autor-22/,Rondelul muzmeiei,https://poetii-nostri.ro/alexandru-macedonski-rondelul-muzmeiei-poezie-id-42154/
Alexandru Macedonski,https://poetii-nostri.ro/alexandru-macedonski-autor-22/,Rondelul oglindei ~ din volumul: Rondelurile celor patru vânturi,https://poetii-nostri.ro/alexandru-macedonski-rondelul-oglindei-poezie-id-612/
Alexandru Macedonski,https://poetii-nostri.ro/alexandru-macedonski-autor-22/,Rondelul oraşului de altădată ~ din volumul: Rondelurile celor patru vânturi,https://poetii-nostri.ro/alexandru-macedonski-rondelul-orasului-de-altadata-poezie-id-614/
Alexandru Macedonski,https://poetii-nostri.ro/alexandru-macedonski-autor-22/,Rondelul orasului din Indii ~ din volumul: Rondelurile pribege,https://poetii-nostri.ro/alexandru-macedonski-rondelul-orasului-din-indii-poezie-id-605/
Alexandru Macedonski,https://poetii-nostri.ro/alexandru-macedonski-autor-22/,Rondelul orasului mic ~ din volumul: Rondelurile pribege,https://poetii-nostri.ro/alexandru-macedonski-rondelul-orasului-mic-poezie-id-598/
Alexandru Macedonski,https://poetii-nostri.ro/alexandru-macedonski-autor-22/,Rondelul orelor ~ din volumul: Rondelurile celor patru vânturi,https://poetii-nostri.ro/alexandru-macedonski-rondelul-orelor-poezie-id-615/
Alexandru Macedonski,https://poetii-nostri.ro/alexandru-macedonski-autor-22/,Rondelul Pagodei,https://poetii-nostri.ro/alexandru-macedonski-rondelul-pagodei-poezie-id-42159/
Alexandru Macedonski,https://poetii-nostri.ro/alexandru-macedonski-autor-22/,Rondelul Parisului iad,https://poetii-nostri.ro/alexandru-macedonski-rondelul-parisului-iad-poezie-id-11042/
Alexandru Macedonski,https://poetii-nostri.ro/alexandru-macedonski-autor-22/,Rondelul plecarei ~ din volumul: Rondelurile pribege,https://poetii-nostri.ro/alexandru-macedonski-rondelul-plecarei-poezie-id-604/
Alexandru Macedonski,https://poetii-nostri.ro/alexandru-macedonski-autor-22/,Rondelul privighetoarei ~ din volumul: Rondelurile celor patru vânturi,https://poetii-nostri.ro/alexandru-macedonski-rondelul-privighetoarei-poezie-id-610/
Alexandru Macedonski,https://poetii-nostri.ro/alexandru-macedonski-autor-22/,Rondelul rozelor ce mor ~ din volumul: Rondelurile rozelor,https://poetii-nostri.ro/alexandru-macedonski-rondelul-rozelor-ce-mor-poezie-id-594/
Alexandru Macedonski,https://poetii-nostri.ro/alexandru-macedonski-autor-22/,Rondelul rozelor de august ~ din volumul: Rondelurile rozelor,https://poetii-nostri.ro/alexandru-macedonski-rondelul-rozelor-de-august-poezie-id-596/
Alexandru Macedonski,https://poetii-nostri.ro/alexandru-macedonski-autor-22/,Rondelul tiganilor ~ din volumul: Rondelurile pribege,https://poetii-nostri.ro/alexandru-macedonski-rondelul-tiganilor-poezie-id-602/
Alexandru Macedonski,https://poetii-nostri.ro/alexandru-macedonski-autor-22/,Rondelul trecutului ~ din volumul: Rondelurile celor patru vânturi,https://poetii-nostri.ro/alexandru-macedonski-rondelul-trecutului-poezie-id-611/
Alexandru Macedonski,https://poetii-nostri.ro/alexandru-macedonski-autor-22/,Rondelul uriașului,https://poetii-nostri.ro/alexandru-macedonski-rondelul-uriasului-poezie-id-23710/
Alexandru Macedonski,https://poetii-nostri.ro/alexandru-macedonski-autor-22/,Sărac și curat,https://poetii-nostri.ro/alexandru-macedonski-sarac-si-curat-poezie-id-48841/
Alexandru Macedonski,https://poetii-nostri.ro/alexandru-macedonski-autor-22/,Stepa,https://poetii-nostri.ro/alexandru-macedonski-stepa-poezie-id-32596/
Alexandru Macedonski,https://poetii-nostri.ro/alexandru-macedonski-autor-22/,Strigătul inimii,https://poetii-nostri.ro/alexandru-macedonski-strigatul-inimii-poezie-id-32730/
Alexandru Macedonski,https://poetii-nostri.ro/alexandru-macedonski-autor-22/,Sub stele,https://poetii-nostri.ro/alexandru-macedonski-sub-stele-poezie-id-6826/
Alexandru Macedonski,https://poetii-nostri.ro/alexandru-macedonski-autor-22/,Templul bogăţiei,https://poetii-nostri.ro/alexandru-macedonski-templul-bogatiei-poezie-id-32800/
Alexandru Macedonski,https://poetii-nostri.ro/alexandru-macedonski-autor-22/,Ură,https://poetii-nostri.ro/alexandru-macedonski-ura-poezie-id-9427/
Alexandru Macedonski,https://poetii-nostri.ro/alexandru-macedonski-autor-22/,Valţul rozelor,https://poetii-nostri.ro/alexandru-macedonski-valtul-rozelor-poezie-id-11240/
Alexandru Macedonski,https://poetii-nostri.ro/alexandru-macedonski-autor-22/,Vaporul Morţii,https://poetii-nostri.ro/alexandru-macedonski-vaporul-mortii-poezie-id-6494/
Alexandru Macedonski,https://poetii-nostri.ro/alexandru-macedonski-autor-22/,Vasul,https://poetii-nostri.ro/alexandru-macedonski-vasul-poezie-id-32590/nume,pagina poetului,titlul poeziei,pagina poeziei
Alexandru Philippide,https://poetii-nostri.ro/alexandru-philippide-autor-345/,Apus de toamnă ~ din volumul: Aur sterp (1922),https://poetii-nostri.ro/alexandru-philippide-apus-de-toamna-poezie-id-26001/
Alexandru Philippide,https://poetii-nostri.ro/alexandru-philippide-autor-345/,Astralis,https://poetii-nostri.ro/alexandru-philippide-astralis-poezie-id-25972/
Alexandru Philippide,https://poetii-nostri.ro/alexandru-philippide-autor-345/,Ausonius ~ din volumul: Monolog în Babilon”, 1967,https://poetii-nostri.ro/alexandru-philippide-ausonius-poezie-id-25973/
Alexandru Philippide,https://poetii-nostri.ro/alexandru-philippide-autor-345/,Balada vechii spelunci ~ din volumul: Visuri în vuietul vremii (1939),https://poetii-nostri.ro/alexandru-philippide-balada-vechii-spelunci-poezie-id-25962/
Alexandru Philippide,https://poetii-nostri.ro/alexandru-philippide-autor-345/,Berceuse ~ din volumul: Din toamna primăverilor de ieri, 1922,https://poetii-nostri.ro/alexandru-philippide-berceuse-poezie-id-25963/
Alexandru Philippide,https://poetii-nostri.ro/alexandru-philippide-autor-345/,Calea lactee ~ din volumul: din Aur sterp (1922),https://poetii-nostri.ro/alexandru-philippide-calea-lactee-poezie-id-25965/
Alexandru Philippide,https://poetii-nostri.ro/alexandru-philippide-autor-345/,Cântec de amiază ~ din volumul: Visuri în vuietul vremii (1939),https://poetii-nostri.ro/alexandru-philippide-cantec-de-amiaza-poezie-id-25968/
Alexandru Philippide,https://poetii-nostri.ro/alexandru-philippide-autor-345/,Cântecul câtorva ~ din volumul: poemul de debut,https://poetii-nostri.ro/alexandru-philippide-cantecul-catorva-poezie-id-25969/
Alexandru Philippide,https://poetii-nostri.ro/alexandru-philippide-autor-345/,Cântecul nimănui ~ din volumul: Aur sterp (1922),https://poetii-nostri.ro/alexandru-philippide-cantecul-nimanui-poezie-id-25966/
Alexandru Philippide,https://poetii-nostri.ro/alexandru-philippide-autor-345/,Căutătorul ~ din volumul: „Monolog în Babilon”, 1967,https://poetii-nostri.ro/alexandru-philippide-cautatorul-poezie-id-25989/
Alexandru Philippide,https://poetii-nostri.ro/alexandru-philippide-autor-345/,Ceasul greu ~ din volumul: Stânci fulgerate (1930),https://poetii-nostri.ro/alexandru-philippide-ceasul-greu-poezie-id-25967/
Alexandru Philippide,https://poetii-nostri.ro/alexandru-philippide-autor-345/,Clopotele ~ din volumul: Aur sterp (1922),https://poetii-nostri.ro/alexandru-philippide-clopotele-poezie-id-25970/
Alexandru Philippide,https://poetii-nostri.ro/alexandru-philippide-autor-345/,Crinul ~ din volumul: Aur sterp (1922),https://poetii-nostri.ro/alexandru-philippide-crinul-poezie-id-25971/
Alexandru Philippide,https://poetii-nostri.ro/alexandru-philippide-autor-345/,Desen murdar ~ din volumul: Aur sterp (1922),https://poetii-nostri.ro/alexandru-philippide-desen-murdar-poezie-id-26004/
Alexandru Philippide,https://poetii-nostri.ro/alexandru-philippide-autor-345/,Din munţi înalţi ~ din volumul: „Vis şi căutare”, 1979,https://poetii-nostri.ro/alexandru-philippide-din-munti-inalti-poezie-id-25990/
Alexandru Philippide,https://poetii-nostri.ro/alexandru-philippide-autor-345/,Fluturi in zadar,https://poetii-nostri.ro/alexandru-philippide-fluturi-in-zadar-poezie-id-32131/
Alexandru Philippide,https://poetii-nostri.ro/alexandru-philippide-autor-345/,Fosile-n roca timpului ~ din volumul: Monolog în Babilon (1967),https://poetii-nostri.ro/alexandru-philippide-fosile-n-roca-timpului-poezie-id-25975/
Alexandru Philippide,https://poetii-nostri.ro/alexandru-philippide-autor-345/,Frontispiciu ~ din volumul: Stânci fulgerate (1930),https://poetii-nostri.ro/alexandru-philippide-frontispiciu-poezie-id-25976/
Alexandru Philippide,https://poetii-nostri.ro/alexandru-philippide-autor-345/,Glasuri ~ din volumul: Monolog în Babilon”, 1967,https://poetii-nostri.ro/alexandru-philippide-glasuri-poezie-id-25977/
Alexandru Philippide,https://poetii-nostri.ro/alexandru-philippide-autor-345/,În nemiloasa devenire ~ din volumul: „Vis şi căutare”, 1979,https://poetii-nostri.ro/alexandru-philippide-in-nemiloasa-devenire-poezie-id-25998/
Alexandru Philippide,https://poetii-nostri.ro/alexandru-philippide-autor-345/,Incomunicabilul ~ din volumul: Monolog în Babilon”, 1967,https://poetii-nostri.ro/alexandru-philippide-incomunicabilul-poezie-id-25974/
Alexandru Philippide,https://poetii-nostri.ro/alexandru-philippide-autor-345/,La marginea de noapte a vieţii ~ din volumul: Visuri în vuietul vremii (1939),https://poetii-nostri.ro/alexandru-philippide-la-marginea-de-noapte-a-vietii-poezie-id-25991/
Alexandru Philippide,https://poetii-nostri.ro/alexandru-philippide-autor-345/,Lied ~ din volumul: Aur sterp (1922),https://poetii-nostri.ro/alexandru-philippide-lied-poezie-id-25978/
Alexandru Philippide,https://poetii-nostri.ro/alexandru-philippide-autor-345/,M-atârn de tine, Poezie ~ din volumul: Visuri în vuietul vremii (1939),https://poetii-nostri.ro/alexandru-philippide-m-atarn-de-tine-poezie-poezie-id-25980/
Alexandru Philippide,https://poetii-nostri.ro/alexandru-philippide-autor-345/,Mărturisire ~ din volumul: Visuri în vuietul vremii (1939,https://poetii-nostri.ro/alexandru-philippide-marturisire-poezie-id-26007/
Alexandru Philippide,https://poetii-nostri.ro/alexandru-philippide-autor-345/,Miraj ~ din volumul: Visuri în vuietul vremii (1939),https://poetii-nostri.ro/alexandru-philippide-miraj-poezie-id-25992/
Alexandru Philippide,https://poetii-nostri.ro/alexandru-philippide-autor-345/,Niște stânci ~ din volumul: Monolog în Babilon”, 1967,https://poetii-nostri.ro/alexandru-philippide-niste-stanci-poezie-id-26000/
Alexandru Philippide,https://poetii-nostri.ro/alexandru-philippide-autor-345/,O, Câte Lucruri ~ din volumul: Monolog în Babilon”, 1967,https://poetii-nostri.ro/alexandru-philippide-o-cate-lucruri-poezie-id-25993/
Alexandru Philippide,https://poetii-nostri.ro/alexandru-philippide-autor-345/,Omagiu unei umbre ~ din volumul: Vis și căutare,https://poetii-nostri.ro/alexandru-philippide-omagiu-unei-umbre-poezie-id-26005/
Alexandru Philippide,https://poetii-nostri.ro/alexandru-philippide-autor-345/,Pastel pustiu ~ din volumul: (Linişte desăvârşită. Drumul adoarme. Steaua se stinge. Mesteacănul plânge.),https://poetii-nostri.ro/alexandru-philippide-pastel-pustiu-poezie-id-25981/
Alexandru Philippide,https://poetii-nostri.ro/alexandru-philippide-autor-345/,Pe un papirus ~ din volumul: Monolog în Babilon”, 1967,https://poetii-nostri.ro/alexandru-philippide-pe-un-papirus-poezie-id-25994/
Alexandru Philippide,https://poetii-nostri.ro/alexandru-philippide-autor-345/,Peste câte mii de ani ~ din volumul: Visuri în vuietul vremii (1939),https://poetii-nostri.ro/alexandru-philippide-peste-cate-mii-de-ani-poezie-id-25982/
Alexandru Philippide,https://poetii-nostri.ro/alexandru-philippide-autor-345/,Prin niște locuri rele (fragmente) ~ din volumul: Monolog în Babilon (1967),https://poetii-nostri.ro/alexandru-philippide-prin-niste-locuri-rele-fragmente-poezie-id-25979/
Alexandru Philippide,https://poetii-nostri.ro/alexandru-philippide-autor-345/,Priveşti cum zboară norii ~ din volumul: Visuri în vuietul vremii (1939),https://poetii-nostri.ro/alexandru-philippide-privesti-cum-zboara-norii-poezie-id-25983/
Alexandru Philippide,https://poetii-nostri.ro/alexandru-philippide-autor-345/,Proclamaţie ~ din volumul: Stânci fulgerate (1930),https://poetii-nostri.ro/alexandru-philippide-proclamatie-poezie-id-25984/
Alexandru Philippide,https://poetii-nostri.ro/alexandru-philippide-autor-345/,Răzvrătire ~ din volumul: "Monolog în Babilon ",1967,https://poetii-nostri.ro/alexandru-philippide-razvratire-poezie-id-25985/
Alexandru Philippide,https://poetii-nostri.ro/alexandru-philippide-autor-345/,Romanţă ~ din volumul: Aur sterp (1922),https://poetii-nostri.ro/alexandru-philippide-romanta-poezie-id-25986/
Alexandru Philippide,https://poetii-nostri.ro/alexandru-philippide-autor-345/,Schiță pentru un autoportret ~ din volumul: Stânci fulgerate (1930),https://poetii-nostri.ro/alexandru-philippide-schita-pentru-un-autoportret-poezie-id-25987/
Alexandru Philippide,https://poetii-nostri.ro/alexandru-philippide-autor-345/,Seară cu fulgere ~ din volumul: Visuri în vuietul vremii (1939),https://poetii-nostri.ro/alexandru-philippide-seara-cu-fulgere-poezie-id-25995/
Alexandru Philippide,https://poetii-nostri.ro/alexandru-philippide-autor-345/,Seninătate ~ din volumul: Aur sterp (1922),https://poetii-nostri.ro/alexandru-philippide-seninatate-poezie-id-26003/
Alexandru Philippide,https://poetii-nostri.ro/alexandru-philippide-autor-345/,Suntem făcuți mai mult din noapte ~ din volumul: Visuri în vuietul vremii (1939),https://poetii-nostri.ro/alexandru-philippide-suntem-facuti-mai-mult-din-noapte-poezie-id-25988/
Alexandru Philippide,https://poetii-nostri.ro/alexandru-philippide-autor-345/,Umblă noaptea ~ din volumul: Monolog în Babilon”, 1967,https://poetii-nostri.ro/alexandru-philippide-umbla-noaptea-poezie-id-25999/
Alexandru Philippide,https://poetii-nostri.ro/alexandru-philippide-autor-345/,Vis şi Căutare ~ din volumul: „Vis şi căutare”, 1979,https://poetii-nostri.ro/alexandru-philippide-vis-si-cautare-poezie-id-25996/
Alexandru Philippide,https://poetii-nostri.ro/alexandru-philippide-autor-345/,Voci ale vechilor poeți ~ din volumul: Monolog în Babilon”, 1967,https://poetii-nostri.ro/alexandru-philippide-voci-ale-vechilor-poeti-poezie-id-26008/
Alexandru Philippide,https://poetii-nostri.ro/alexandru-philippide-autor-345/,Vox In Deserto ~ din volumul: „Vis şi căutare”, 1979,https://poetii-nostri.ro/alexandru-philippide-vox-in-deserto-poezie-id-25997/nume,pagina poetului,titlul poeziei,pagina poeziei
Alexandru T. Stamatiad,https://poetii-nostri.ro/alexandru-t.-stamatiad-autor-556/,A mea ai fost,https://poetii-nostri.ro/alexandru-t.-stamatiad-a-mea-ai-fost-poezie-id-47301/
Alexandru T. Stamatiad,https://poetii-nostri.ro/alexandru-t.-stamatiad-autor-556/,Apus de toamnă,https://poetii-nostri.ro/alexandru-t.-stamatiad-apus-de-toamna-poezie-id-47302/
Alexandru T. Stamatiad,https://poetii-nostri.ro/alexandru-t.-stamatiad-autor-556/,Crinul ~ din volumul: Din trâmbițe de aur (1910),https://poetii-nostri.ro/alexandru-t.-stamatiad-crinul-poezie-id-47296/
Alexandru T. Stamatiad,https://poetii-nostri.ro/alexandru-t.-stamatiad-autor-556/,În noapte,https://poetii-nostri.ro/alexandru-t.-stamatiad-in-noapte-poezie-id-47303/
Alexandru T. Stamatiad,https://poetii-nostri.ro/alexandru-t.-stamatiad-autor-556/,Iubirea noastră moare,https://poetii-nostri.ro/alexandru-t.-stamatiad-iubirea-noastra-moare-poezie-id-47304/
Alexandru T. Stamatiad,https://poetii-nostri.ro/alexandru-t.-stamatiad-autor-556/,Melancolie,https://poetii-nostri.ro/alexandru-t.-stamatiad-melancolie-poezie-id-47305/
Alexandru T. Stamatiad,https://poetii-nostri.ro/alexandru-t.-stamatiad-autor-556/,Melodie tristă ~ din volumul: Cortegiul amintirilor (1942),https://poetii-nostri.ro/alexandru-t.-stamatiad-melodie-trista-poezie-id-47297/
Alexandru T. Stamatiad,https://poetii-nostri.ro/alexandru-t.-stamatiad-autor-556/,Mi-e sufletul o creangă,https://poetii-nostri.ro/alexandru-t.-stamatiad-mi-e-sufletul-o-creanga-poezie-id-47306/
Alexandru T. Stamatiad,https://poetii-nostri.ro/alexandru-t.-stamatiad-autor-556/,Pe etajera roză, pe etajera neagră,https://poetii-nostri.ro/alexandru-t.-stamatiad-pe-etajera-roza-pe-etajera-neagra-poezie-id-47307/
Alexandru T. Stamatiad,https://poetii-nostri.ro/alexandru-t.-stamatiad-autor-556/,Pe etajera roză, pe etajera neagră ~ din volumul: Din trâmbițe de aur (1910),https://poetii-nostri.ro/alexandru-t.-stamatiad-pe-etajera-roza-pe-etajera-neagra-poezie-id-47298/
Alexandru T. Stamatiad,https://poetii-nostri.ro/alexandru-t.-stamatiad-autor-556/,Simfonia toamnei (fragmente) ~ din volumul: Cortegiul amintirilor (1942),https://poetii-nostri.ro/alexandru-t.-stamatiad-simfonia-toamnei-fragmente-poezie-id-47299/
Alexandru T. Stamatiad,https://poetii-nostri.ro/alexandru-t.-stamatiad-autor-556/,Simfonie în roz,https://poetii-nostri.ro/alexandru-t.-stamatiad-simfonie-in-roz-poezie-id-47309/
Alexandru T. Stamatiad,https://poetii-nostri.ro/alexandru-t.-stamatiad-autor-556/,Singurătatea,https://poetii-nostri.ro/alexandru-t.-stamatiad-singuratatea-poezie-id-47310/
Alexandru T. Stamatiad,https://poetii-nostri.ro/alexandru-t.-stamatiad-autor-556/,Spleen ~ din volumul: Cortegiul amintirilor (1942),https://poetii-nostri.ro/alexandru-t.-stamatiad-spleen-poezie-id-47300/
Alexandru T. Stamatiad,https://poetii-nostri.ro/alexandru-t.-stamatiad-autor-556/,Spre alte țări,https://poetii-nostri.ro/alexandru-t.-stamatiad-spre-alte-tari-poezie-id-47311/
Alexandru T. Stamatiad,https://poetii-nostri.ro/alexandru-t.-stamatiad-autor-556/,Toamnă ~ din volumul: revista literară, artistică și culturală „Sburătorul Literar”, director Eugen Lovinescu, anul I, nr. 43, București, 20 octombrie 1922,https://poetii-nostri.ro/alexandru-t.-stamatiad-toamna-poezie-id-47295/
Alexandru T. Stamatiad,https://poetii-nostri.ro/alexandru-t.-stamatiad-autor-556/,Urmează-ți zborul, te avântă,https://poetii-nostri.ro/alexandru-t.-stamatiad-urmeaza-ti-zborul-te-avanta-poezie-id-47313/
Alexandru T. Stamatiad,https://poetii-nostri.ro/alexandru-t.-stamatiad-autor-556/,Visuri bolnave,https://poetii-nostri.ro/alexandru-t.-stamatiad-visuri-bolnave-poezie-id-47314/nume,pagina poetului,titlul poeziei,pagina poeziei
Alexandru Vlahuţă,https://poetii-nostri.ro/alexandru-vlahuta-autor-163/,1907,https://poetii-nostri.ro/alexandru-vlahuta-1907-poezie-id-14214/
Alexandru Vlahuţă,https://poetii-nostri.ro/alexandru-vlahuta-autor-163/,A mele visuri ...,https://poetii-nostri.ro/alexandru-vlahuta-a-mele-visuri--poezie-id-6273/
Alexandru Vlahuţă,https://poetii-nostri.ro/alexandru-vlahuta-autor-163/,Acrostih,https://poetii-nostri.ro/alexandru-vlahuta-acrostih-poezie-id-32653/
Alexandru Vlahuţă,https://poetii-nostri.ro/alexandru-vlahuta-autor-163/,Ah! Cântă-mi mereu,https://poetii-nostri.ro/alexandru-vlahuta-ah-canta-mi-mereu-poezie-id-47767/
Alexandru Vlahuţă,https://poetii-nostri.ro/alexandru-vlahuta-autor-163/,Ananghie,https://poetii-nostri.ro/alexandru-vlahuta-ananghie-poezie-id-6385/
Alexandru Vlahuţă,https://poetii-nostri.ro/alexandru-vlahuta-autor-163/,Când n-am ce scrie,https://poetii-nostri.ro/alexandru-vlahuta-cand-n-am-ce-scrie-poezie-id-47764/
Alexandru Vlahuţă,https://poetii-nostri.ro/alexandru-vlahuta-autor-163/,Cârmacii,https://poetii-nostri.ro/alexandru-vlahuta-carmacii-poezie-id-32656/
Alexandru Vlahuţă,https://poetii-nostri.ro/alexandru-vlahuta-autor-163/,Cât ne iubeam, şi cum credeam odată,https://poetii-nostri.ro/alexandru-vlahuta-cat-ne-iubeam-si-cum-credeam-odata-poezie-id-6278/
Alexandru Vlahuţă,https://poetii-nostri.ro/alexandru-vlahuta-autor-163/,Ce dor...,https://poetii-nostri.ro/alexandru-vlahuta-ce-dor-poezie-id-32658/
Alexandru Vlahuţă,https://poetii-nostri.ro/alexandru-vlahuta-autor-163/,Ce fericiţi am fi-mpreună!,https://poetii-nostri.ro/alexandru-vlahuta-ce-fericiti-am-fi-mpreuna-poezie-id-6276/
Alexandru Vlahuţă,https://poetii-nostri.ro/alexandru-vlahuta-autor-163/,Ce te uiți cu ochii galeși?... ~ din volumul: Iubire,https://poetii-nostri.ro/alexandru-vlahuta-ce-te-uiti-cu-ochii-galesi-poezie-id-24303/
Alexandru Vlahuţă,https://poetii-nostri.ro/alexandru-vlahuta-autor-163/,Christos a înviat,https://poetii-nostri.ro/alexandru-vlahuta-christos-a-inviat-poezie-id-47766/
Alexandru Vlahuţă,https://poetii-nostri.ro/alexandru-vlahuta-autor-163/,Cu-a ta mână ~ din volumul: (Convorbiri literare, an XIV, nr. 5, 1 august 1880),https://poetii-nostri.ro/alexandru-vlahuta-cu-a-ta-mana-poezie-id-47765/
Alexandru Vlahuţă,https://poetii-nostri.ro/alexandru-vlahuta-autor-163/,Cum curge vremea,https://poetii-nostri.ro/alexandru-vlahuta-cum-curge-vremea-poezie-id-6275/
Alexandru Vlahuţă,https://poetii-nostri.ro/alexandru-vlahuta-autor-163/,Cuvântul,https://poetii-nostri.ro/alexandru-vlahuta-cuvantul-poezie-id-8585/
Alexandru Vlahuţă,https://poetii-nostri.ro/alexandru-vlahuta-autor-163/,D-şoarei G.,https://poetii-nostri.ro/alexandru-vlahuta-d-soarei-g-poezie-id-32664/
Alexandru Vlahuţă,https://poetii-nostri.ro/alexandru-vlahuta-autor-163/,Delendum,https://poetii-nostri.ro/alexandru-vlahuta-delendum-poezie-id-32657/
Alexandru Vlahuţă,https://poetii-nostri.ro/alexandru-vlahuta-autor-163/,Din prag,https://poetii-nostri.ro/alexandru-vlahuta-din-prag-poezie-id-32666/
Alexandru Vlahuţă,https://poetii-nostri.ro/alexandru-vlahuta-autor-163/,Din trecut,https://poetii-nostri.ro/alexandru-vlahuta-din-trecut-poezie-id-32663/
Alexandru Vlahuţă,https://poetii-nostri.ro/alexandru-vlahuta-autor-163/,Do ut des ~ din volumul: (Vieaţa, an I, nr. 33, 25 septembrie 1894),https://poetii-nostri.ro/alexandru-vlahuta-do-ut-des-poezie-id-47763/
Alexandru Vlahuţă,https://poetii-nostri.ro/alexandru-vlahuta-autor-163/,Dor de ducă,https://poetii-nostri.ro/alexandru-vlahuta-dor-de-duca-poezie-id-32662/
Alexandru Vlahuţă,https://poetii-nostri.ro/alexandru-vlahuta-autor-163/,Dormi în pace,https://poetii-nostri.ro/alexandru-vlahuta-dormi-in-pace-poezie-id-47762/
Alexandru Vlahuţă,https://poetii-nostri.ro/alexandru-vlahuta-autor-163/,Dorul,https://poetii-nostri.ro/alexandru-vlahuta-dorul-poezie-id-32651/
Alexandru Vlahuţă,https://poetii-nostri.ro/alexandru-vlahuta-autor-163/,Dorul craiului Zaraf ~ din volumul: Epoca, an I, nr. 238, 10 septembrie 1886,https://poetii-nostri.ro/alexandru-vlahuta-dorul-craiului-zaraf-poezie-id-32670/
Alexandru Vlahuţă,https://poetii-nostri.ro/alexandru-vlahuta-autor-163/,Dreptate,https://poetii-nostri.ro/alexandru-vlahuta-dreptate-poezie-id-24307/
Alexandru Vlahuţă,https://poetii-nostri.ro/alexandru-vlahuta-autor-163/,Eternul cântec,https://poetii-nostri.ro/alexandru-vlahuta-eternul-cantec-poezie-id-24305/
Alexandru Vlahuţă,https://poetii-nostri.ro/alexandru-vlahuta-autor-163/,Fustă scurtă, ghete albe, buze roșii,https://poetii-nostri.ro/alexandru-vlahuta-fusta-scurta-ghete-albe-buze-rosii-poezie-id-10498/
Alexandru Vlahuţă,https://poetii-nostri.ro/alexandru-vlahuta-autor-163/,Homo homini lupus,https://poetii-nostri.ro/alexandru-vlahuta-homo-homini-lupus-poezie-id-6277/
Alexandru Vlahuţă,https://poetii-nostri.ro/alexandru-vlahuta-autor-163/,Icoane șterse,https://poetii-nostri.ro/alexandru-vlahuta-icoane-sterse-poezie-id-47747/
Alexandru Vlahuţă,https://poetii-nostri.ro/alexandru-vlahuta-autor-163/,Ieri,azi,mâini,https://poetii-nostri.ro/alexandru-vlahuta-ieriazimaini-poezie-id-6271/
Alexandru Vlahuţă,https://poetii-nostri.ro/alexandru-vlahuta-autor-163/,În amurg…,https://poetii-nostri.ro/alexandru-vlahuta-in-amurg%E2%80%A6-poezie-id-47749/
Alexandru Vlahuţă,https://poetii-nostri.ro/alexandru-vlahuta-autor-163/,În pădure,https://poetii-nostri.ro/alexandru-vlahuta-in-padure-poezie-id-32660/
Alexandru Vlahuţă,https://poetii-nostri.ro/alexandru-vlahuta-autor-163/,În zile grele,https://poetii-nostri.ro/alexandru-vlahuta-in-zile-grele-poezie-id-47748/
Alexandru Vlahuţă,https://poetii-nostri.ro/alexandru-vlahuta-autor-163/,Iubire,https://poetii-nostri.ro/alexandru-vlahuta-iubire-poezie-id-47761/
Alexandru Vlahuţă,https://poetii-nostri.ro/alexandru-vlahuta-autor-163/,Iulia Hasdeu (Vlahuţă),https://poetii-nostri.ro/alexandru-vlahuta-iulia-hasdeu-vlahuta-poezie-id-47760/
Alexandru Vlahuţă,https://poetii-nostri.ro/alexandru-vlahuta-autor-163/,La icoană,https://poetii-nostri.ro/alexandru-vlahuta-la-icoana-poezie-id-15332/
Alexandru Vlahuţă,https://poetii-nostri.ro/alexandru-vlahuta-autor-163/,La statua lui Ioan Eliade Rădulescu ~ din volumul: Armonia, an I, nr. 21, 22 noiembrie 1881,https://poetii-nostri.ro/alexandru-vlahuta-la-statua-lui-ioan-eliade-radulescu-poezie-id-32668/
Alexandru Vlahuţă,https://poetii-nostri.ro/alexandru-vlahuta-autor-163/,La vatra rece ~ din volumul: Binele public, an. VI, nr. 52, 3-4 februarie 1884,https://poetii-nostri.ro/alexandru-vlahuta-la-vatra-rece-poezie-id-47736/
Alexandru Vlahuţă,https://poetii-nostri.ro/alexandru-vlahuta-autor-163/,Lăsaţi-mă singurătăţii mele,https://poetii-nostri.ro/alexandru-vlahuta-lasati-ma-singuratatii-mele-poezie-id-47745/
Alexandru Vlahuţă,https://poetii-nostri.ro/alexandru-vlahuta-autor-163/,Linişte,https://poetii-nostri.ro/alexandru-vlahuta-liniste-poezie-id-32654/
Alexandru Vlahuţă,https://poetii-nostri.ro/alexandru-vlahuta-autor-163/,Lui Eminescu,https://poetii-nostri.ro/alexandru-vlahuta-lui-eminescu-poezie-id-15333/
Alexandru Vlahuţă,https://poetii-nostri.ro/alexandru-vlahuta-autor-163/,Luna şi noaptea,https://poetii-nostri.ro/alexandru-vlahuta-luna-si-noaptea-poezie-id-15897/
Alexandru Vlahuţă,https://poetii-nostri.ro/alexandru-vlahuta-autor-163/,M-am regăsit. Ce dor mi-era de mine,https://poetii-nostri.ro/alexandru-vlahuta-m-am-regasit-ce-dor-mi-era-de-mine-poezie-id-10039/
Alexandru Vlahuţă,https://poetii-nostri.ro/alexandru-vlahuta-autor-163/,Mă visasem într-un nor,https://poetii-nostri.ro/alexandru-vlahuta-ma-visasem-intr-un-nor-poezie-id-47759/
Alexandru Vlahuţă,https://poetii-nostri.ro/alexandru-vlahuta-autor-163/,Mamei,https://poetii-nostri.ro/alexandru-vlahuta-mamei-poezie-id-14564/
Alexandru Vlahuţă,https://poetii-nostri.ro/alexandru-vlahuta-autor-163/,Melancolie,https://poetii-nostri.ro/alexandru-vlahuta-melancolie-poezie-id-32665/
Alexandru Vlahuţă,https://poetii-nostri.ro/alexandru-vlahuta-autor-163/,Nehotărâre,https://poetii-nostri.ro/alexandru-vlahuta-nehotarare-poezie-id-6280/
Alexandru Vlahuţă,https://poetii-nostri.ro/alexandru-vlahuta-autor-163/,Nunquam ridenti,https://poetii-nostri.ro/alexandru-vlahuta-nunquam-ridenti-poezie-id-47758/
Alexandru Vlahuţă,https://poetii-nostri.ro/alexandru-vlahuta-autor-163/,Ochi strălucitori,https://poetii-nostri.ro/alexandru-vlahuta-ochi-stralucitori-poezie-id-15666/
Alexandru Vlahuţă,https://poetii-nostri.ro/alexandru-vlahuta-autor-163/,Omul,https://poetii-nostri.ro/alexandru-vlahuta-omul-poezie-id-15898/
Alexandru Vlahuţă,https://poetii-nostri.ro/alexandru-vlahuta-autor-163/,Păcatul,https://poetii-nostri.ro/alexandru-vlahuta-pacatul-poezie-id-6270/
Alexandru Vlahuţă,https://poetii-nostri.ro/alexandru-vlahuta-autor-163/,Partea cea mai bună ...,https://poetii-nostri.ro/alexandru-vlahuta-partea-cea-mai-buna--poezie-id-6282/
Alexandru Vlahuţă,https://poetii-nostri.ro/alexandru-vlahuta-autor-163/,Pe albumul d-rei…,https://poetii-nostri.ro/alexandru-vlahuta-pe-albumul-d-rei%E2%80%A6-poezie-id-47757/
Alexandru Vlahuţă,https://poetii-nostri.ro/alexandru-vlahuta-autor-163/,Pe deal,https://poetii-nostri.ro/alexandru-vlahuta-pe-deal-poezie-id-15331/
Alexandru Vlahuţă,https://poetii-nostri.ro/alexandru-vlahuta-autor-163/,Pentru ochii tăi răpit-ai,https://poetii-nostri.ro/alexandru-vlahuta-pentru-ochii-tai-rapit-ai-poezie-id-10499/
Alexandru Vlahuţă,https://poetii-nostri.ro/alexandru-vlahuta-autor-163/,Prima lecție,https://poetii-nostri.ro/alexandru-vlahuta-prima-lectie-poezie-id-24304/
Alexandru Vlahuţă,https://poetii-nostri.ro/alexandru-vlahuta-autor-163/,Profiluri,https://poetii-nostri.ro/alexandru-vlahuta-profiluri-poezie-id-32661/
Alexandru Vlahuţă,https://poetii-nostri.ro/alexandru-vlahuta-autor-163/,Răspuns la o cronică rimată ~ din volumul: România liberă, an. VIII, 5 august 1884,https://poetii-nostri.ro/alexandru-vlahuta-raspuns-la-o-cronica-rimata-poezie-id-47737/
Alexandru Vlahuţă,https://poetii-nostri.ro/alexandru-vlahuta-autor-163/,Să plec?,https://poetii-nostri.ro/alexandru-vlahuta-sa-plec-poezie-id-32659/
Alexandru Vlahuţă,https://poetii-nostri.ro/alexandru-vlahuta-autor-163/,Sămănătorul ~ din volumul: Sămănătorul, an. I, nr. 1, 2 decembrie 1901,https://poetii-nostri.ro/alexandru-vlahuta-samanatorul-poezie-id-47739/
Alexandru Vlahuţă,https://poetii-nostri.ro/alexandru-vlahuta-autor-163/,Scrisoare cătră un bătrân ~ din volumul: Armonia, an. I, nr. 42, 2 mai 1882,https://poetii-nostri.ro/alexandru-vlahuta-scrisoare-catra-un-batran-poezie-id-32669/
Alexandru Vlahuţă,https://poetii-nostri.ro/alexandru-vlahuta-autor-163/,Scrisoare către fiica sa, Margareta [proza],https://poetii-nostri.ro/alexandru-vlahuta-scrisoare-catre-fiica-sa-margareta-proza-id-791/
Alexandru Vlahuţă,https://poetii-nostri.ro/alexandru-vlahuta-autor-163/,Sfântă muncă,https://poetii-nostri.ro/alexandru-vlahuta-sfanta-munca-poezie-id-47756/
Alexandru Vlahuţă,https://poetii-nostri.ro/alexandru-vlahuta-autor-163/,Şi mă-ntrebi...,https://poetii-nostri.ro/alexandru-vlahuta-si-ma-ntrebi-poezie-id-15334/
Alexandru Vlahuţă,https://poetii-nostri.ro/alexandru-vlahuta-autor-163/,Slăvit e versul,https://poetii-nostri.ro/alexandru-vlahuta-slavit-e-versul-poezie-id-24312/
Alexandru Vlahuţă,https://poetii-nostri.ro/alexandru-vlahuta-autor-163/,Sonet,https://poetii-nostri.ro/alexandru-vlahuta-sonet-poezie-id-32672/
Alexandru Vlahuţă,https://poetii-nostri.ro/alexandru-vlahuta-autor-163/,Sonet (Cât ne iubeam, şi cum credeam odată),https://poetii-nostri.ro/alexandru-vlahuta-sonet-cat-ne-iubeam-si-cum-credeam-odata-poezie-id-47755/
Alexandru Vlahuţă,https://poetii-nostri.ro/alexandru-vlahuta-autor-163/,Sonet (Câţi ochi frumoşi şi visători, poete),https://poetii-nostri.ro/alexandru-vlahuta-sonet-cati-ochi-frumosi-si-visatori-poete-poezie-id-47754/
Alexandru Vlahuţă,https://poetii-nostri.ro/alexandru-vlahuta-autor-163/,Sonet (Din tot ce ne-a fost drag mai înainte),https://poetii-nostri.ro/alexandru-vlahuta-sonet-din-tot-ce-ne-a-fost-drag-mai-inainte-poezie-id-47753/
Alexandru Vlahuţă,https://poetii-nostri.ro/alexandru-vlahuta-autor-163/,Sonet (Vrăjit, tot şesul clocoteşte-n soare),https://poetii-nostri.ro/alexandru-vlahuta-sonet-vrajit-tot-sesul-clocoteste-n-soare-poezie-id-47740/
Alexandru Vlahuţă,https://poetii-nostri.ro/alexandru-vlahuta-autor-163/,Sonet I,https://poetii-nostri.ro/alexandru-vlahuta-sonet-i-poezie-id-6272/
Alexandru Vlahuţă,https://poetii-nostri.ro/alexandru-vlahuta-autor-163/,Sonet II,https://poetii-nostri.ro/alexandru-vlahuta-sonet-ii-poezie-id-6274/
Alexandru Vlahuţă,https://poetii-nostri.ro/alexandru-vlahuta-autor-163/,Sonet III,https://poetii-nostri.ro/alexandru-vlahuta-sonet-iii-poezie-id-6279/
Alexandru Vlahuţă,https://poetii-nostri.ro/alexandru-vlahuta-autor-163/,Sonet IV,https://poetii-nostri.ro/alexandru-vlahuta-sonet-iv-poezie-id-6281/
Alexandru Vlahuţă,https://poetii-nostri.ro/alexandru-vlahuta-autor-163/,Sub legea tunului ~ din volumul: Drum drept, an. XII, nr. 3, 15 aprilie 1917,https://poetii-nostri.ro/alexandru-vlahuta-sub-legea-tunului-poezie-id-47741/
Alexandru Vlahuţă,https://poetii-nostri.ro/alexandru-vlahuta-autor-163/,Tactică,https://poetii-nostri.ro/alexandru-vlahuta-tactica-poezie-id-47752/
Alexandru Vlahuţă,https://poetii-nostri.ro/alexandru-vlahuta-autor-163/,Țară de pripas ~ din volumul: Epoca, an. I, nr. 259, 4-16 octombrie 1886,https://poetii-nostri.ro/alexandru-vlahuta-tara-de-pripas-poezie-id-47742/
Alexandru Vlahuţă,https://poetii-nostri.ro/alexandru-vlahuta-autor-163/,Țara. Poporul - fragment [proza],https://poetii-nostri.ro/alexandru-vlahuta-tara-poporul---fragment-proza-id-410/
Alexandru Vlahuţă,https://poetii-nostri.ro/alexandru-vlahuta-autor-163/,Tot alte vremi…,https://poetii-nostri.ro/alexandru-vlahuta-tot-alte-vremi%E2%80%A6-poezie-id-47751/
Alexandru Vlahuţă,https://poetii-nostri.ro/alexandru-vlahuta-autor-163/,Treci zi, treci noapte... ~ din volumul: Sămănătorul, an I, vol. II, nr. 33, 10 noiembrie 1902,https://poetii-nostri.ro/alexandru-vlahuta-treci-zi-treci-noapte-poezie-id-32671/
Alexandru Vlahuţă,https://poetii-nostri.ro/alexandru-vlahuta-autor-163/,Triumful aşteptării,https://poetii-nostri.ro/alexandru-vlahuta-triumful-asteptarii-poezie-id-47746/
Alexandru Vlahuţă,https://poetii-nostri.ro/alexandru-vlahuta-autor-163/,Tu ești poet,https://poetii-nostri.ro/alexandru-vlahuta-tu-esti-poet-poezie-id-24306/
Alexandru Vlahuţă,https://poetii-nostri.ro/alexandru-vlahuta-autor-163/,Un suflet larg să mă-nțeleagă ...,https://poetii-nostri.ro/alexandru-vlahuta-un-suflet-larg-sa-ma-nteleaga--poezie-id-47743/
Alexandru Vlahuţă,https://poetii-nostri.ro/alexandru-vlahuta-autor-163/,Unde ni sunt visătorii?,https://poetii-nostri.ro/alexandru-vlahuta-unde-ni-sunt-visatorii-poezie-id-7441/
Alexandru Vlahuţă,https://poetii-nostri.ro/alexandru-vlahuta-autor-163/,Valuri,https://poetii-nostri.ro/alexandru-vlahuta-valuri-poezie-id-32652/
Alexandru Vlahuţă,https://poetii-nostri.ro/alexandru-vlahuta-autor-163/,Vechilor ateneiști ~ din volumul: Calendarul pentru toți românii pe 1892,https://poetii-nostri.ro/alexandru-vlahuta-vechilor-ateneisti-poezie-id-47744/
Alexandru Vlahuţă,https://poetii-nostri.ro/alexandru-vlahuta-autor-163/,Vierme fudul ~ din volumul: Armonia, an I, nr. 1, 24 mai 1881,https://poetii-nostri.ro/alexandru-vlahuta-vierme-fudul-poezie-id-32667/
Alexandru Vlahuţă,https://poetii-nostri.ro/alexandru-vlahuta-autor-163/,Vis de-o clipă,https://poetii-nostri.ro/alexandru-vlahuta-vis-de-o-clipa-poezie-id-20469/
Alexandru Vlahuţă,https://poetii-nostri.ro/alexandru-vlahuta-autor-163/,„Noi vrem pămînt” [proza],https://poetii-nostri.ro/alexandru-vlahuta-%E2%80%9Enoi-vrem-pamint%E2%80%9D-proza-id-1996/nume,pagina poetului,titlul poeziei,pagina poeziei
Alexei Mateevici,https://poetii-nostri.ro/alexei-mateevici-autor-131/,Atâtea chipuri,https://poetii-nostri.ro/alexei-mateevici-atatea-chipuri-poezie-id-40384/
Alexei Mateevici,https://poetii-nostri.ro/alexei-mateevici-autor-131/,Atunci Când Soarele Apune,https://poetii-nostri.ro/alexei-mateevici-atunci-cand-soarele-apune-poezie-id-27123/
Alexei Mateevici,https://poetii-nostri.ro/alexei-mateevici-autor-131/,Basarabenilor,https://poetii-nostri.ro/alexei-mateevici-basarabenilor-poezie-id-11143/
Alexei Mateevici,https://poetii-nostri.ro/alexei-mateevici-autor-131/,Cântarea slavei,https://poetii-nostri.ro/alexei-mateevici-cantarea-slavei-poezie-id-5269/
Alexei Mateevici,https://poetii-nostri.ro/alexei-mateevici-autor-131/,Cântec De Leagăn,https://poetii-nostri.ro/alexei-mateevici-cantec-de-leagan-poezie-id-27126/
Alexei Mateevici,https://poetii-nostri.ro/alexei-mateevici-autor-131/,Cântecul Clopotului,https://poetii-nostri.ro/alexei-mateevici-cantecul-clopotului-poezie-id-27127/
Alexei Mateevici,https://poetii-nostri.ro/alexei-mateevici-autor-131/,Cantecul Zorilor,https://poetii-nostri.ro/alexei-mateevici-cantecul-zorilor-poezie-id-27124/
Alexei Mateevici,https://poetii-nostri.ro/alexei-mateevici-autor-131/,Căutarea lui Dumnezeu,https://poetii-nostri.ro/alexei-mateevici-cautarea-lui-dumnezeu-poezie-id-42336/
Alexei Mateevici,https://poetii-nostri.ro/alexei-mateevici-autor-131/,Cina Cea De Taină,https://poetii-nostri.ro/alexei-mateevici-cina-cea-de-taina-poezie-id-27125/
Alexei Mateevici,https://poetii-nostri.ro/alexei-mateevici-autor-131/,Deasupra Târgului Bârlad,https://poetii-nostri.ro/alexei-mateevici-deasupra-targului-barlad-poezie-id-40378/
Alexei Mateevici,https://poetii-nostri.ro/alexei-mateevici-autor-131/,Dorul,https://poetii-nostri.ro/alexei-mateevici-dorul-poezie-id-42334/
Alexei Mateevici,https://poetii-nostri.ro/alexei-mateevici-autor-131/,Eu Cant,https://poetii-nostri.ro/alexei-mateevici-eu-cant-poezie-id-27128/
Alexei Mateevici,https://poetii-nostri.ro/alexei-mateevici-autor-131/,Fecioara din Nazaret,https://poetii-nostri.ro/alexei-mateevici-fecioara-din-nazaret-poezie-id-42330/
Alexei Mateevici,https://poetii-nostri.ro/alexei-mateevici-autor-131/,Fie voia ta!,https://poetii-nostri.ro/alexei-mateevici-fie-voia-ta-poezie-id-11168/
Alexei Mateevici,https://poetii-nostri.ro/alexei-mateevici-autor-131/,Fratelui creştin,https://poetii-nostri.ro/alexei-mateevici-fratelui-crestin-poezie-id-42337/
Alexei Mateevici,https://poetii-nostri.ro/alexei-mateevici-autor-131/,Frunza Nucului,https://poetii-nostri.ro/alexei-mateevici-frunza-nucului-poezie-id-27129/
Alexei Mateevici,https://poetii-nostri.ro/alexei-mateevici-autor-131/,Hristos A înviat,https://poetii-nostri.ro/alexei-mateevici-hristos-a-inviat-poezie-id-27130/
Alexei Mateevici,https://poetii-nostri.ro/alexei-mateevici-autor-131/,Hristos după cina cea de taină,https://poetii-nostri.ro/alexei-mateevici-hristos-dupa-cina-cea-de-taina-poezie-id-42338/
Alexei Mateevici,https://poetii-nostri.ro/alexei-mateevici-autor-131/,Hristos în biserica Ierusalimului,https://poetii-nostri.ro/alexei-mateevici-hristos-in-biserica-ierusalimului-poezie-id-42340/
Alexei Mateevici,https://poetii-nostri.ro/alexei-mateevici-autor-131/,Hristos pruncul,https://poetii-nostri.ro/alexei-mateevici-hristos-pruncul-poezie-id-42339/
Alexei Mateevici,https://poetii-nostri.ro/alexei-mateevici-autor-131/,În Betleem,https://poetii-nostri.ro/alexei-mateevici-in-betleem-poezie-id-42341/
Alexei Mateevici,https://poetii-nostri.ro/alexei-mateevici-autor-131/,În dimineaţa duminicii,https://poetii-nostri.ro/alexei-mateevici-in-dimineata-duminicii-poezie-id-42342/
Alexei Mateevici,https://poetii-nostri.ro/alexei-mateevici-autor-131/,În zarea anilor,https://poetii-nostri.ro/alexei-mateevici-in-zarea-anilor-poezie-id-40382/
Alexei Mateevici,https://poetii-nostri.ro/alexei-mateevici-autor-131/,Îngerul şi mironosiţele,https://poetii-nostri.ro/alexei-mateevici-ingerul-si-mironositele-poezie-id-42344/
Alexei Mateevici,https://poetii-nostri.ro/alexei-mateevici-autor-131/,Intrarea Domnului Iisus Hristos în Ierusalim,https://poetii-nostri.ro/alexei-mateevici-intrarea-domnului-iisus-hristos-in-ierusalim-poezie-id-27132/
Alexei Mateevici,https://poetii-nostri.ro/alexei-mateevici-autor-131/,Iuda,https://poetii-nostri.ro/alexei-mateevici-iuda-poezie-id-42331/
Alexei Mateevici,https://poetii-nostri.ro/alexei-mateevici-autor-131/,La noul-Neamţ,https://poetii-nostri.ro/alexei-mateevici-la-noul-neamt-poezie-id-42343/
Alexei Mateevici,https://poetii-nostri.ro/alexei-mateevici-autor-131/,Limba Noastră,https://poetii-nostri.ro/alexei-mateevici-limba-noastra-poezie-id-5268/
Alexei Mateevici,https://poetii-nostri.ro/alexei-mateevici-autor-131/,Lumina Cea De Seară,https://poetii-nostri.ro/alexei-mateevici-lumina-cea-de-seara-poezie-id-27133/
Alexei Mateevici,https://poetii-nostri.ro/alexei-mateevici-autor-131/,Mama,https://poetii-nostri.ro/alexei-mateevici-mama-poezie-id-5270/
Alexei Mateevici,https://poetii-nostri.ro/alexei-mateevici-autor-131/,Mangaiere,https://poetii-nostri.ro/alexei-mateevici-mangaiere-poezie-id-27136/
Alexei Mateevici,https://poetii-nostri.ro/alexei-mateevici-autor-131/,Muncitorul,https://poetii-nostri.ro/alexei-mateevici-muncitorul-poezie-id-42345/
Alexei Mateevici,https://poetii-nostri.ro/alexei-mateevici-autor-131/,Păcătoasa,https://poetii-nostri.ro/alexei-mateevici-pacatoasa-poezie-id-40383/
Alexei Mateevici,https://poetii-nostri.ro/alexei-mateevici-autor-131/,Pietre vechi,https://poetii-nostri.ro/alexei-mateevici-pietre-vechi-poezie-id-42335/
Alexei Mateevici,https://poetii-nostri.ro/alexei-mateevici-autor-131/,Pocainta hotului,https://poetii-nostri.ro/alexei-mateevici-pocainta-hotului-poezie-id-27137/
Alexei Mateevici,https://poetii-nostri.ro/alexei-mateevici-autor-131/,Rugăciune pentru pahar,https://poetii-nostri.ro/alexei-mateevici-rugaciune-pentru-pahar-poezie-id-27139/
Alexei Mateevici,https://poetii-nostri.ro/alexei-mateevici-autor-131/,Seara de vară,https://poetii-nostri.ro/alexei-mateevici-seara-de-vara-poezie-id-42333/
Alexei Mateevici,https://poetii-nostri.ro/alexei-mateevici-autor-131/,Tara,https://poetii-nostri.ro/alexei-mateevici-tara-poezie-id-27122/
Alexei Mateevici,https://poetii-nostri.ro/alexei-mateevici-autor-131/,Troparul,https://poetii-nostri.ro/alexei-mateevici-troparul-poezie-id-27141/
Alexei Mateevici,https://poetii-nostri.ro/alexei-mateevici-autor-131/,Un sfat,https://poetii-nostri.ro/alexei-mateevici-un-sfat-poezie-id-40381/
Alexei Mateevici,https://poetii-nostri.ro/alexei-mateevici-autor-131/,Unora,https://poetii-nostri.ro/alexei-mateevici-unora-poezie-id-40379/
Alexei Mateevici,https://poetii-nostri.ro/alexei-mateevici-autor-131/,Vad prabusirea,https://poetii-nostri.ro/alexei-mateevici-vad-prabusirea-poezie-id-27121/
Alexei Mateevici,https://poetii-nostri.ro/alexei-mateevici-autor-131/,Văd prăbuşirea,https://poetii-nostri.ro/alexei-mateevici-vad-prabusirea-poezie-id-40380/
Alexei Mateevici,https://poetii-nostri.ro/alexei-mateevici-autor-131/,Viaţa,https://poetii-nostri.ro/alexei-mateevici-viata-poezie-id-42332/nume,pagina poetului,titlul poeziei,pagina poeziei
Camil Petrescu,https://poetii-nostri.ro/camil-petrescu-autor-161/,Amiază de vară,https://poetii-nostri.ro/camil-petrescu-amiaza-de-vara-poezie-id-32320/
Camil Petrescu,https://poetii-nostri.ro/camil-petrescu-autor-161/,Când vii la mine,https://poetii-nostri.ro/camil-petrescu-cand-vii-la-mine-poezie-id-29874/
Camil Petrescu,https://poetii-nostri.ro/camil-petrescu-autor-161/,Cearta,https://poetii-nostri.ro/camil-petrescu-cearta-poezie-id-6258/
Camil Petrescu,https://poetii-nostri.ro/camil-petrescu-autor-161/,Ciorna I,https://poetii-nostri.ro/camil-petrescu-ciorna-i-poezie-id-32321/
Camil Petrescu,https://poetii-nostri.ro/camil-petrescu-autor-161/,Fragment I,https://poetii-nostri.ro/camil-petrescu-fragment-i-poezie-id-6254/
Camil Petrescu,https://poetii-nostri.ro/camil-petrescu-autor-161/,Fragment II,https://poetii-nostri.ro/camil-petrescu-fragment-ii-poezie-id-6255/
Camil Petrescu,https://poetii-nostri.ro/camil-petrescu-autor-161/,Fragment III,https://poetii-nostri.ro/camil-petrescu-fragment-iii-poezie-id-6256/
Camil Petrescu,https://poetii-nostri.ro/camil-petrescu-autor-161/,Ideea,https://poetii-nostri.ro/camil-petrescu-ideea-poezie-id-13138/
Camil Petrescu,https://poetii-nostri.ro/camil-petrescu-autor-161/,În ceasul dintâi...,https://poetii-nostri.ro/camil-petrescu-in-ceasul-dintai-poezie-id-6261/
Camil Petrescu,https://poetii-nostri.ro/camil-petrescu-autor-161/,În prag,https://poetii-nostri.ro/camil-petrescu-in-prag-poezie-id-6257/
Camil Petrescu,https://poetii-nostri.ro/camil-petrescu-autor-161/,Marș greu,https://poetii-nostri.ro/camil-petrescu-mars-greu-poezie-id-32323/
Camil Petrescu,https://poetii-nostri.ro/camil-petrescu-autor-161/,Patul lui Procust,https://poetii-nostri.ro/camil-petrescu-patul-lui-procust-poezie-id-6260/
Camil Petrescu,https://poetii-nostri.ro/camil-petrescu-autor-161/,Primăvara,https://poetii-nostri.ro/camil-petrescu-primavara-poezie-id-32325/
Camil Petrescu,https://poetii-nostri.ro/camil-petrescu-autor-161/,Repaosul,https://poetii-nostri.ro/camil-petrescu-repaosul-poezie-id-32326/
Camil Petrescu,https://poetii-nostri.ro/camil-petrescu-autor-161/,Samarcanda ~ din volumul: Patul lui Procust,https://poetii-nostri.ro/camil-petrescu-samarcanda-poezie-id-29877/
Camil Petrescu,https://poetii-nostri.ro/camil-petrescu-autor-161/,Trecutul,https://poetii-nostri.ro/camil-petrescu-trecutul-poezie-id-17390/
Camil Petrescu,https://poetii-nostri.ro/camil-petrescu-autor-161/,Vanitas,https://poetii-nostri.ro/camil-petrescu-vanitas-poezie-id-29876/
Camil Petrescu,https://poetii-nostri.ro/camil-petrescu-autor-161/,Versuri pentru ziua de atac,https://poetii-nostri.ro/camil-petrescu-versuri-pentru-ziua-de-atac-poezie-id-17391/
Camil Petrescu,https://poetii-nostri.ro/camil-petrescu-autor-161/,Versurile,https://poetii-nostri.ro/camil-petrescu-versurile-poezie-id-6259/
Camil Petrescu,https://poetii-nostri.ro/camil-petrescu-autor-161/,Vis de anemic,https://poetii-nostri.ro/camil-petrescu-vis-de-anemic-poezie-id-32327/nume,pagina poetului,titlul poeziei,pagina poeziei
Carmen Sylva,https://poetii-nostri.ro/carmen-sylva-autor-456/,Calafatul,https://poetii-nostri.ro/carmen-sylva-calafatul-poezie-id-41719/
Carmen Sylva,https://poetii-nostri.ro/carmen-sylva-autor-456/,Cântec de clopot,https://poetii-nostri.ro/carmen-sylva-cantec-de-clopot-poezie-id-41718/
Carmen Sylva,https://poetii-nostri.ro/carmen-sylva-autor-456/,Cântecul culorilor,https://poetii-nostri.ro/carmen-sylva-cantecul-culorilor-poezie-id-41717/
Carmen Sylva,https://poetii-nostri.ro/carmen-sylva-autor-456/,Cina cea de taină ~ din volumul: Cântece şi sonete,https://poetii-nostri.ro/carmen-sylva-cina-cea-de-taina-poezie-id-41690/
Carmen Sylva,https://poetii-nostri.ro/carmen-sylva-autor-456/,Copacul ~ din volumul: Balade şi romanţe,https://poetii-nostri.ro/carmen-sylva-copacul-poezie-id-41689/
Carmen Sylva,https://poetii-nostri.ro/carmen-sylva-autor-456/,Dâmbovița,https://poetii-nostri.ro/carmen-sylva-dambovita-poezie-id-41714/
Carmen Sylva,https://poetii-nostri.ro/carmen-sylva-autor-456/,Despre Eminescu [proza],https://poetii-nostri.ro/carmen-sylva-despre-eminescu-proza-id-1853/
Carmen Sylva,https://poetii-nostri.ro/carmen-sylva-autor-456/,Fluturi sărutându-se,https://poetii-nostri.ro/carmen-sylva-fluturi-sarutandu-se-poezie-id-41683/
Carmen Sylva,https://poetii-nostri.ro/carmen-sylva-autor-456/,Furtuna zice... ~ din volumul: Cântece şi sonete,https://poetii-nostri.ro/carmen-sylva-furtuna-zice-poezie-id-41686/
Carmen Sylva,https://poetii-nostri.ro/carmen-sylva-autor-456/,Jocul mării,https://poetii-nostri.ro/carmen-sylva-jocul-marii-poezie-id-41692/
Carmen Sylva,https://poetii-nostri.ro/carmen-sylva-autor-456/,La temelia castelului Peleș,https://poetii-nostri.ro/carmen-sylva-la-temelia-castelului-peles-poezie-id-41713/
Carmen Sylva,https://poetii-nostri.ro/carmen-sylva-autor-456/,Luptă,https://poetii-nostri.ro/carmen-sylva-lupta-poezie-id-41716/
Carmen Sylva,https://poetii-nostri.ro/carmen-sylva-autor-456/,Maimuţa-n colivie ~ din volumul: Balade şi romanţe,https://poetii-nostri.ro/carmen-sylva-maimuta-n-colivie-poezie-id-41688/
Carmen Sylva,https://poetii-nostri.ro/carmen-sylva-autor-456/,Mama,https://poetii-nostri.ro/carmen-sylva-mama-poezie-id-41691/
Carmen Sylva,https://poetii-nostri.ro/carmen-sylva-autor-456/,Mare învrăjbită,https://poetii-nostri.ro/carmen-sylva-mare-invrajbita-poezie-id-41693/
Carmen Sylva,https://poetii-nostri.ro/carmen-sylva-autor-456/,Moise,https://poetii-nostri.ro/carmen-sylva-moise-poezie-id-41720/
Carmen Sylva,https://poetii-nostri.ro/carmen-sylva-autor-456/,Muzica mării,https://poetii-nostri.ro/carmen-sylva-muzica-marii-poezie-id-41695/
Carmen Sylva,https://poetii-nostri.ro/carmen-sylva-autor-456/,Pământului ~ din volumul: Cântece şi sonete,https://poetii-nostri.ro/carmen-sylva-pamantului-poezie-id-41685/
Carmen Sylva,https://poetii-nostri.ro/carmen-sylva-autor-456/,Peleșul [proza],https://poetii-nostri.ro/carmen-sylva-pelesul-proza-id-875/
Carmen Sylva,https://poetii-nostri.ro/carmen-sylva-autor-456/,Prometeu,https://poetii-nostri.ro/carmen-sylva-prometeu-poezie-id-41715/
Carmen Sylva,https://poetii-nostri.ro/carmen-sylva-autor-456/,Rugăminte,https://poetii-nostri.ro/carmen-sylva-rugaminte-poezie-id-41684/
Carmen Sylva,https://poetii-nostri.ro/carmen-sylva-autor-456/,Sonet ~ din volumul: Cântece şi sonete,https://poetii-nostri.ro/carmen-sylva-sonet-poezie-id-41687/
Carmen Sylva,https://poetii-nostri.ro/carmen-sylva-autor-456/,Spre culmi,https://poetii-nostri.ro/carmen-sylva-spre-culmi-poezie-id-41712/
Carmen Sylva,https://poetii-nostri.ro/carmen-sylva-autor-456/,Spre seară,https://poetii-nostri.ro/carmen-sylva-spre-seara-poezie-id-41711/nume,pagina poetului,titlul poeziei,pagina poeziei
Cezar Bolliac,https://poetii-nostri.ro/cezar-bolliac-autor-51/,Acvila străbună,https://poetii-nostri.ro/cezar-bolliac-acvila-strabuna-poezie-id-32552/
Cezar Bolliac,https://poetii-nostri.ro/cezar-bolliac-autor-51/,Ai vrea, precum se vede, să-ţi mai aduci aminte,https://poetii-nostri.ro/cezar-bolliac-ai-vrea-precum-se-vede-sa-ti-mai-aduci-aminte-poezie-id-2150/
Cezar Bolliac,https://poetii-nostri.ro/cezar-bolliac-autor-51/,Alaiul unui cerşetor,https://poetii-nostri.ro/cezar-bolliac-alaiul-unui-cersetor-poezie-id-14014/
Cezar Bolliac,https://poetii-nostri.ro/cezar-bolliac-autor-51/,Apostrofă,https://poetii-nostri.ro/cezar-bolliac-apostrofa-poezie-id-32545/
Cezar Bolliac,https://poetii-nostri.ro/cezar-bolliac-autor-51/,Cântec oltenesc,https://poetii-nostri.ro/cezar-bolliac-cantec-oltenesc-poezie-id-32551/
Cezar Bolliac,https://poetii-nostri.ro/cezar-bolliac-autor-51/,Carnavalul,https://poetii-nostri.ro/cezar-bolliac-carnavalul-poezie-id-16161/
Cezar Bolliac,https://poetii-nostri.ro/cezar-bolliac-autor-51/,Cele trebuincioase,https://poetii-nostri.ro/cezar-bolliac-cele-trebuincioase-poezie-id-2154/
Cezar Bolliac,https://poetii-nostri.ro/cezar-bolliac-autor-51/,Clăcaşul,https://poetii-nostri.ro/cezar-bolliac-clacasul-poezie-id-17394/
Cezar Bolliac,https://poetii-nostri.ro/cezar-bolliac-autor-51/,Cugetare,https://poetii-nostri.ro/cezar-bolliac-cugetare-poezie-id-2147/
Cezar Bolliac,https://poetii-nostri.ro/cezar-bolliac-autor-51/,Deşertul mi-e o lume,https://poetii-nostri.ro/cezar-bolliac-desertul-mi-e-o-lume-poezie-id-2153/
Cezar Bolliac,https://poetii-nostri.ro/cezar-bolliac-autor-51/,Epistolă la D.K.A.K.,https://poetii-nostri.ro/cezar-bolliac-epistola-la-dkak-poezie-id-32555/
Cezar Bolliac,https://poetii-nostri.ro/cezar-bolliac-autor-51/,Holera ciocoilor,https://poetii-nostri.ro/cezar-bolliac-holera-ciocoilor-poezie-id-32553/
Cezar Bolliac,https://poetii-nostri.ro/cezar-bolliac-autor-51/,La România,https://poetii-nostri.ro/cezar-bolliac-la-romania-poezie-id-32546/
Cezar Bolliac,https://poetii-nostri.ro/cezar-bolliac-autor-51/,La un copil,https://poetii-nostri.ro/cezar-bolliac-la-un-copil-poezie-id-32547/
Cezar Bolliac,https://poetii-nostri.ro/cezar-bolliac-autor-51/,Meşterul Manole,https://poetii-nostri.ro/cezar-bolliac-mesterul-manole-poezie-id-32550/
Cezar Bolliac,https://poetii-nostri.ro/cezar-bolliac-autor-51/,Muncitorul,https://poetii-nostri.ro/cezar-bolliac-muncitorul-poezie-id-18007/
Cezar Bolliac,https://poetii-nostri.ro/cezar-bolliac-autor-51/,O dimineaţă pe Caraiman,https://poetii-nostri.ro/cezar-bolliac-o-dimineata-pe-caraiman-poezie-id-17392/
Cezar Bolliac,https://poetii-nostri.ro/cezar-bolliac-autor-51/,Ocna,https://poetii-nostri.ro/cezar-bolliac-ocna-poezie-id-32542/
Cezar Bolliac,https://poetii-nostri.ro/cezar-bolliac-autor-51/,Pedeapsa cu moarte ~ din volumul: Trompeta Carpaţilor, 1872,https://poetii-nostri.ro/cezar-bolliac-pedeapsa-cu-moarte-poezie-id-32554/
Cezar Bolliac,https://poetii-nostri.ro/cezar-bolliac-autor-51/,Salahorul,https://poetii-nostri.ro/cezar-bolliac-salahorul-poezie-id-32544/
Cezar Bolliac,https://poetii-nostri.ro/cezar-bolliac-autor-51/,Şi ce-ar fi poezia?,https://poetii-nostri.ro/cezar-bolliac-si-ce-ar-fi-poezia-poezie-id-2148/
Cezar Bolliac,https://poetii-nostri.ro/cezar-bolliac-autor-51/,Sila,https://poetii-nostri.ro/cezar-bolliac-sila-poezie-id-18006/
Cezar Bolliac,https://poetii-nostri.ro/cezar-bolliac-autor-51/,Sonet,https://poetii-nostri.ro/cezar-bolliac-sonet-poezie-id-2155/
Cezar Bolliac,https://poetii-nostri.ro/cezar-bolliac-autor-51/,Speranţa în ziua de mâine,https://poetii-nostri.ro/cezar-bolliac-speranta-in-ziua-de-maine-poezie-id-2149/
Cezar Bolliac,https://poetii-nostri.ro/cezar-bolliac-autor-51/,Ţiganul vîndut ~ din volumul: Foaie pentru minte, inimă şi literatură, 1843, nr. 15,https://poetii-nostri.ro/cezar-bolliac-tiganul-vindut-poezie-id-32549/
Cezar Bolliac,https://poetii-nostri.ro/cezar-bolliac-autor-51/,Un suvenir,https://poetii-nostri.ro/cezar-bolliac-un-suvenir-poezie-id-2152/
Cezar Bolliac,https://poetii-nostri.ro/cezar-bolliac-autor-51/,Vaca văduvei,https://poetii-nostri.ro/cezar-bolliac-vaca-vaduvei-poezie-id-32548/
Cezar Bolliac,https://poetii-nostri.ro/cezar-bolliac-autor-51/,Vara,https://poetii-nostri.ro/cezar-bolliac-vara-poezie-id-32543/
Cezar Bolliac,https://poetii-nostri.ro/cezar-bolliac-autor-51/,Zburătorul,https://poetii-nostri.ro/cezar-bolliac-zburatorul-poezie-id-17393/
Cezar Bolliac,https://poetii-nostri.ro/cezar-bolliac-autor-51/,Zdrobită geme inima-n mine etc.,https://poetii-nostri.ro/cezar-bolliac-zdrobita-geme-inima-n-mine-etc-poezie-id-2156/